temperature_c,rain_mm,humidity_pct,pressure_hpa,hour,datetime,month,pressure_change_3h,rained
19.0,0.5,95.0,1008.3,3,2026-03-01 03:00:00,3,-0.20000000000004547,0
19.1,0.5,96.0,1008.6,4,2026-03-01 04:00:00,3,-1.1999999999999318,0
19.2,1.0,97.0,1009.1,5,2026-03-01 05:00:00,3,-0.2999999999999545,1
19.2,0.05,97.0,1008.8,6,2026-03-01 06:00:00,3,0.5,0
19.2,0.5,95.0,1008.2,7,2026-03-01 07:00:00,3,-0.39999999999997726,0
19.4,0.05,93.0,1008.0,8,2026-03-01 08:00:00,3,-1.1000000000000227,0
20.6,0.0,92.0,1008.7,9,2026-03-01 09:00:00,3,-0.09999999999990905,0
21.9,0.0,84.0,1008.1,10,2026-03-01 10:00:00,3,-0.10000000000002274,0
22.5,0.0,79.0,1007.6,11,2026-03-01 11:00:00,3,-0.39999999999997726,0
23.8,0.0,79.0,1006.8,12,2026-03-01 12:00:00,3,-1.900000000000091,0
23.1,0.0,78.0,1006.2,13,2026-03-01 13:00:00,3,-1.8999999999999773,0
22.9,0.05,84.0,1005.6,14,2026-03-01 14:00:00,3,-2.0,0
22.1,0.05,89.0,1005.4,15,2026-03-01 15:00:00,3,-1.3999999999999773,0
21.9,0.05,90.0,1005.5,16,2026-03-01 16:00:00,3,-0.7000000000000455,0
21.4,0.0,92.0,1005.9,17,2026-03-01 17:00:00,3,0.2999999999999545,0
20.8,0.0,92.0,1006.3,18,2026-03-01 18:00:00,3,0.8999999999999773,0
20.5,0.0,93.0,1006.8,19,2026-03-01 19:00:00,3,1.2999999999999545,0
20.3,0.0,93.0,1006.8,20,2026-03-01 20:00:00,3,0.8999999999999773,0
20.5,0.0,93.0,1007.0,21,2026-03-01 21:00:00,3,0.7000000000000455,0
20.4,0.0,93.0,1007.3,22,2026-03-01 22:00:00,3,0.5,0
20.4,0.0,93.0,1007.9,23,2026-03-01 23:00:00,3,1.1000000000000227,0
20.7,0.0,85.0,1010.5,0,2026-03-02 00:00:00,3,3.5,0
19.6,0.5,96.0,1007.7,1,2026-03-02 01:00:00,3,0.40000000000009095,0
19.1,0.05,97.0,1008.0,2,2026-03-02 02:00:00,3,0.10000000000002274,0
19.2,1.5,98.0,1007.4,3,2026-03-02 03:00:00,3,-3.1000000000000227,1
19.6,0.05,96.0,1006.8,4,2026-03-02 04:00:00,3,-0.900000000000091,0
19.4,0.0,97.0,1006.5,5,2026-03-02 05:00:00,3,-1.5,0
19.4,0.0,98.0,1006.6,6,2026-03-02 06:00:00,3,-0.7999999999999545,0
20.1,0.0,97.0,1006.9,7,2026-03-02 07:00:00,3,0.10000000000002274,0
22.1,0.0,91.0,1007.7,8,2026-03-02 08:00:00,3,1.2000000000000455,0
24.9,0.0,82.0,1007.7,9,2026-03-02 09:00:00,3,1.1000000000000227,0
26.1,0.0,77.0,1007.9,10,2026-03-02 10:00:00,3,1.0,0
25.9,0.0,80.0,1007.8,11,2026-03-02 11:00:00,3,0.09999999999990905,0
25.4,0.0,85.0,1007.6,12,2026-03-02 12:00:00,3,-0.10000000000002274,0
24.3,0.0,86.0,1007.1,13,2026-03-02 13:00:00,3,-0.7999999999999545,0
24.1,0.0,86.0,1006.5,14,2026-03-02 14:00:00,3,-1.2999999999999545,0
25.3,0.0,82.0,1006.0,15,2026-03-02 15:00:00,3,-1.6000000000000227,0
24.9,0.0,82.0,1006.3,16,2026-03-02 16:00:00,3,-0.8000000000000682,0
21.4,0.0,92.0,1007.1,17,2026-03-02 17:00:00,3,0.6000000000000227,0
21.3,0.0,93.0,1007.7,18,2026-03-02 18:00:00,3,1.7000000000000455,0
21.8,0.0,92.0,1008.1,19,2026-03-02 19:00:00,3,1.8000000000000682,0
22.2,0.0,89.0,1009.2,20,2026-03-02 20:00:00,3,2.1000000000000227,0
22.2,0.0,89.0,1009.8,21,2026-03-02 21:00:00,3,2.099999999999909,0
22.0,0.0,92.0,1010.0,22,2026-03-02 22:00:00,3,1.8999999999999773,0
20.7,0.05,87.0,1010.6,23,2026-03-02 23:00:00,3,1.3999999999999773,0
16.1,0.0,79.0,1015.2,0,2026-03-03 00:00:00,3,5.400000000000091,0
19.4,0.0,84.0,1010.7,1,2026-03-03 01:00:00,3,0.7000000000000455,0
18.8,0.0,79.0,1010.2,2,2026-03-03 02:00:00,3,-0.39999999999997726,0
18.4,0.0,78.0,1010.3,3,2026-03-03 03:00:00,3,-4.900000000000091,0
17.9,0.0,74.0,1010.5,4,2026-03-03 04:00:00,3,-0.20000000000004547,0
17.5,0.05,73.0,1011.2,5,2026-03-03 05:00:00,3,1.0,0
16.3,0.5,81.0,1012.1,6,2026-03-03 06:00:00,3,1.8000000000000682,0
16.0,0.05,81.0,1012.9,7,2026-03-03 07:00:00,3,2.3999999999999773,0
15.5,1.0,85.0,1014.2,8,2026-03-03 08:00:00,3,3.0,1
15.3,1.0,89.0,1014.4,9,2026-03-03 09:00:00,3,2.2999999999999545,1
15.3,2.5,90.0,1014.4,10,2026-03-03 10:00:00,3,1.5,1
15.9,0.5,88.0,1014.0,11,2026-03-03 11:00:00,3,-0.20000000000004547,0
16.3,0.05,87.0,1013.0,12,2026-03-03 12:00:00,3,-1.3999999999999773,0
17.1,0.05,82.0,1012.2,13,2026-03-03 13:00:00,3,-2.199999999999932,0
18.0,0.0,78.0,1011.9,14,2026-03-03 14:00:00,3,-2.1000000000000227,0
17.7,0.0,77.0,1011.6,15,2026-03-03 15:00:00,3,-1.3999999999999773,0
17.0,0.0,80.0,1012.3,16,2026-03-03 16:00:00,3,0.09999999999990905,0
16.9,0.0,79.0,1012.5,17,2026-03-03 17:00:00,3,0.6000000000000227,0
16.4,0.0,80.0,1013.6,18,2026-03-03 18:00:00,3,2.0,0
16.2,0.0,82.0,1014.4,19,2026-03-03 19:00:00,3,2.1000000000000227,0
16.1,0.0,82.0,1014.7,20,2026-03-03 20:00:00,3,2.2000000000000455,0
16.4,0.0,79.0,1015.1,21,2026-03-03 21:00:00,3,1.5,0
16.1,0.0,81.0,1015.1,22,2026-03-03 22:00:00,3,0.7000000000000455,0
16.0,0.0,81.0,1014.8,23,2026-03-03 23:00:00,3,0.09999999999990905,0
18.3,0.05,90.0,1012.4,0,2026-03-04 00:00:00,3,-2.7000000000000455,0
16.2,0.0,76.0,1015.3,1,2026-03-04 01:00:00,3,0.1999999999999318,0
16.3,0.0,75.0,1015.2,2,2026-03-04 02:00:00,3,0.40000000000009095,0
16.3,0.0,74.0,1013.8,3,2026-03-04 03:00:00,3,1.3999999999999773,0
16.4,0.0,75.0,1013.8,4,2026-03-04 04:00:00,3,-1.5,0
15.9,0.05,80.0,1013.3,5,2026-03-04 05:00:00,3,-1.900000000000091,0
15.9,0.5,78.0,1013.4,6,2026-03-04 06:00:00,3,-0.39999999999997726,0
16.2,0.05,77.0,1014.0,7,2026-03-04 07:00:00,3,0.20000000000004547,0
16.2,0.05,78.0,1014.8,8,2026-03-04 08:00:00,3,1.5,0
15.9,0.05,85.0,1015.6,9,2026-03-04 09:00:00,3,2.2000000000000455,0
16.1,0.05,85.0,1015.6,10,2026-03-04 10:00:00,3,1.6000000000000227,0
17.4,0.0,78.0,1014.5,11,2026-03-04 11:00:00,3,-0.2999999999999545,0
17.4,0.05,79.0,1014.0,12,2026-03-04 12:00:00,3,-1.6000000000000227,0
17.5,0.0,80.0,1013.3,13,2026-03-04 13:00:00,3,-2.300000000000068,0
17.7,0.05,81.0,1012.6,14,2026-03-04 14:00:00,3,-1.8999999999999773,0
17.7,0.0,82.0,1011.6,15,2026-03-04 15:00:00,3,-2.3999999999999773,0
18.1,0.0,81.0,1011.4,16,2026-03-04 16:00:00,3,-1.8999999999999773,0
18.0,0.0,83.0,1011.2,17,2026-03-04 17:00:00,3,-1.3999999999999773,0
18.1,0.05,83.0,1011.7,18,2026-03-04 18:00:00,3,0.10000000000002274,0
18.1,0.0,84.0,1012.2,19,2026-03-04 19:00:00,3,0.8000000000000682,0
18.4,0.0,84.0,1012.3,20,2026-03-04 20:00:00,3,1.099999999999909,0
18.2,0.05,87.0,1012.5,21,2026-03-04 21:00:00,3,0.7999999999999545,0
18.6,0.05,85.0,1012.5,22,2026-03-04 22:00:00,3,0.2999999999999545,0
18.3,0.05,89.0,1012.8,23,2026-03-04 23:00:00,3,0.5,0
19.4,0.05,96.0,1012.7,0,2026-03-05 00:00:00,3,0.20000000000004547,0
17.9,2.5,95.0,1012.0,1,2026-03-05 01:00:00,3,-0.5,1
17.7,0.0,98.0,1011.9,2,2026-03-05 02:00:00,3,-0.8999999999999773,0
17.7,0.0,96.0,1011.2,3,2026-03-05 03:00:00,3,-1.5,0
17.5,0.0,95.0,1010.4,4,2026-03-05 04:00:00,3,-1.6000000000000227,0
17.3,0.0,97.0,1010.3,5,2026-03-05 05:00:00,3,-1.6000000000000227,0
17.2,0.0,98.0,1011.0,6,2026-03-05 06:00:00,3,-0.20000000000004547,0
17.7,0.05,96.0,1011.6,7,2026-03-05 07:00:00,3,1.2000000000000455,0
17.7,0.5,95.0,1011.9,8,2026-03-05 08:00:00,3,1.6000000000000227,0
18.6,0.05,93.0,1012.0,9,2026-03-05 09:00:00,3,1.0,0
19.4,0.05,90.0,1012.1,10,2026-03-05 10:00:00,3,0.5,0
20.1,0.05,90.0,1012.1,11,2026-03-05 11:00:00,3,0.20000000000004547,0
20.5,0.0,86.0,1011.5,12,2026-03-05 12:00:00,3,-0.5,0
21.1,0.0,84.0,1010.7,13,2026-03-05 13:00:00,3,-1.3999999999999773,0
21.6,0.05,81.0,1010.3,14,2026-03-05 14:00:00,3,-1.8000000000000682,0
22.1,0.0,79.0,1010.2,15,2026-03-05 15:00:00,3,-1.2999999999999545,0
21.0,0.05,85.0,1010.7,16,2026-03-05 16:00:00,3,0.0,0
20.7,0.05,86.0,1010.7,17,2026-03-05 17:00:00,3,0.40000000000009095,0
20.1,0.05,93.0,1011.3,18,2026-03-05 18:00:00,3,1.099999999999909,0
20.3,0.0,93.0,1011.2,19,2026-03-05 19:00:00,3,0.5,0
19.7,0.0,95.0,1011.6,20,2026-03-05 20:00:00,3,0.8999999999999773,0
19.4,0.0,96.0,1012.2,21,2026-03-05 21:00:00,3,0.900000000000091,0
20.1,0.0,95.0,1012.6,22,2026-03-05 22:00:00,3,1.3999999999999773,0
19.8,0.05,95.0,1012.8,23,2026-03-05 23:00:00,3,1.1999999999999318,0
15.5,0.0,73.0,1017.3,0,2026-03-06 00:00:00,3,5.099999999999909,0
19.6,0.5,96.0,1012.5,1,2026-03-06 01:00:00,3,-0.10000000000002274,0
19.6,0.0,94.0,1012.4,2,2026-03-06 02:00:00,3,-0.39999999999997726,0
19.0,0.0,93.0,1012.7,3,2026-03-06 03:00:00,3,-4.599999999999909,0
18.5,0.05,95.0,1012.6,4,2026-03-06 04:00:00,3,0.10000000000002274,0
18.3,0.0,94.0,1013.1,5,2026-03-06 05:00:00,3,0.7000000000000455,0
18.3,0.0,93.0,1013.9,6,2026-03-06 06:00:00,3,1.1999999999999318,0
17.9,0.05,93.0,1014.6,7,2026-03-06 07:00:00,3,2.0,0
17.2,0.05,92.0,1015.3,8,2026-03-06 08:00:00,3,2.199999999999932,0
17.9,0.0,88.0,1015.1,9,2026-03-06 09:00:00,3,1.2000000000000455,0
17.8,0.0,88.0,1015.4,10,2026-03-06 10:00:00,3,0.7999999999999545,0
17.7,0.0,84.0,1015.2,11,2026-03-06 11:00:00,3,-0.09999999999990905,0
17.4,0.0,84.0,1014.8,12,2026-03-06 12:00:00,3,-0.3000000000000682,0
17.2,0.0,83.0,1013.9,13,2026-03-06 13:00:00,3,-1.5,0
17.0,0.0,81.0,1013.8,14,2026-03-06 14:00:00,3,-1.400000000000091,0
17.2,0.0,79.0,1013.6,15,2026-03-06 15:00:00,3,-1.1999999999999318,0
16.8,0.0,80.0,1014.3,16,2026-03-06 16:00:00,3,0.39999999999997726,0
16.6,0.0,80.0,1014.8,17,2026-03-06 17:00:00,3,1.0,0
16.1,0.0,80.0,1015.5,18,2026-03-06 18:00:00,3,1.8999999999999773,0
15.8,0.0,81.0,1016.1,19,2026-03-06 19:00:00,3,1.8000000000000682,0
16.1,0.0,80.0,1016.6,20,2026-03-06 20:00:00,3,1.8000000000000682,0
16.1,0.0,77.0,1017.1,21,2026-03-06 21:00:00,3,1.6000000000000227,0
15.7,0.0,77.0,1017.2,22,2026-03-06 22:00:00,3,1.1000000000000227,0
15.6,0.0,74.0,1017.6,23,2026-03-06 23:00:00,3,1.0,0
15.0,0.0,73.0,1017.4,0,2026-03-07 00:00:00,3,0.2999999999999545,0
15.4,0.0,71.0,1016.9,1,2026-03-07 01:00:00,3,-0.3000000000000682,0
15.2,0.0,71.0,1016.0,2,2026-03-07 02:00:00,3,-1.6000000000000227,0
15.3,0.0,69.0,1015.5,3,2026-03-07 03:00:00,3,-1.8999999999999773,0
15.4,0.0,68.0,1015.3,4,2026-03-07 04:00:00,3,-1.6000000000000227,0
15.2,0.0,69.0,1016.2,5,2026-03-07 05:00:00,3,0.20000000000004547,0
15.1,0.0,70.0,1017.6,6,2026-03-07 06:00:00,3,2.1000000000000227,0
15.4,0.0,70.0,1018.6,7,2026-03-07 07:00:00,3,3.300000000000068,0
15.9,0.0,68.0,1019.4,8,2026-03-07 08:00:00,3,3.199999999999932,0
16.8,0.0,65.0,1019.4,9,2026-03-07 09:00:00,3,1.7999999999999545,0
17.5,0.0,61.0,1019.7,10,2026-03-07 10:00:00,3,1.1000000000000227,0
18.4,0.0,61.0,1019.1,11,2026-03-07 11:00:00,3,-0.2999999999999545,0
19.1,0.0,61.0,1018.3,12,2026-03-07 12:00:00,3,-1.1000000000000227,0
18.8,0.0,59.0,1017.5,13,2026-03-07 13:00:00,3,-2.2000000000000455,0
18.7,0.0,61.0,1016.8,14,2026-03-07 14:00:00,3,-2.300000000000068,0
18.0,0.0,60.0,1016.3,15,2026-03-07 15:00:00,3,-2.0,0
17.2,0.0,65.0,1016.0,16,2026-03-07 16:00:00,3,-1.5,0
16.5,0.0,66.0,1015.9,17,2026-03-07 17:00:00,3,-0.8999999999999773,0
15.7,0.0,70.0,1016.5,18,2026-03-07 18:00:00,3,0.20000000000004547,0
15.2,0.0,71.0,1017.0,19,2026-03-07 19:00:00,3,1.0,0
14.9,0.0,72.0,1017.3,20,2026-03-07 20:00:00,3,1.3999999999999773,0
15.0,0.0,72.0,1017.5,21,2026-03-07 21:00:00,3,1.0,0
15.2,0.0,71.0,1017.3,22,2026-03-07 22:00:00,3,0.2999999999999545,0
15.2,0.0,71.0,1017.3,23,2026-03-07 23:00:00,3,0.0,0
17.1,0.0,83.0,1018.0,0,2026-03-08 00:00:00,3,0.5,0
15.0,0.0,78.0,1017.4,1,2026-03-08 01:00:00,3,0.10000000000002274,0
15.4,0.0,79.0,1016.9,2,2026-03-08 02:00:00,3,-0.39999999999997726,0
15.8,0.0,79.0,1016.7,3,2026-03-08 03:00:00,3,-1.2999999999999545,0
16.5,0.0,77.0,1016.3,4,2026-03-08 04:00:00,3,-1.1000000000000227,0
16.9,0.0,76.0,1016.4,5,2026-03-08 05:00:00,3,-0.5,0
16.9,0.0,77.0,1017.0,6,2026-03-08 06:00:00,3,0.2999999999999545,0
17.1,0.0,77.0,1017.5,7,2026-03-08 07:00:00,3,1.2000000000000455,0
17.5,0.0,77.0,1018.6,8,2026-03-08 08:00:00,3,2.2000000000000455,0
17.7,0.0,78.0,1018.5,9,2026-03-08 09:00:00,3,1.5,0
18.1,0.0,76.0,1019.2,10,2026-03-08 10:00:00,3,1.7000000000000455,0
18.3,0.0,75.0,1019.0,11,2026-03-08 11:00:00,3,0.39999999999997726,0
20.8,0.0,68.0,1017.8,12,2026-03-08 12:00:00,3,-0.7000000000000455,0
20.2,0.0,68.0,1017.2,13,2026-03-08 13:00:00,3,-2.0,0
19.5,0.0,70.0,1016.5,14,2026-03-08 14:00:00,3,-2.5,0
18.9,0.0,72.0,1016.2,15,2026-03-08 15:00:00,3,-1.599999999999909,0
18.3,0.0,73.0,1016.1,16,2026-03-08 16:00:00,3,-1.1000000000000227,0
17.5,0.0,76.0,1016.4,17,2026-03-08 17:00:00,3,-0.10000000000002274,0
17.2,0.0,79.0,1016.5,18,2026-03-08 18:00:00,3,0.2999999999999545,0
16.9,0.0,81.0,1016.8,19,2026-03-08 19:00:00,3,0.6999999999999318,0
17.0,0.0,80.0,1017.0,20,2026-03-08 20:00:00,3,0.6000000000000227,0
17.0,0.0,81.0,1017.3,21,2026-03-08 21:00:00,3,0.7999999999999545,0
17.1,0.0,82.0,1017.6,22,2026-03-08 22:00:00,3,0.8000000000000682,0
17.1,0.0,83.0,1017.8,23,2026-03-08 23:00:00,3,0.7999999999999545,0
13.6,0.0,82.0,1021.2,0,2026-03-09 00:00:00,3,3.900000000000091,0
17.1,0.0,83.0,1017.7,1,2026-03-09 01:00:00,3,0.10000000000002274,0
17.2,0.0,83.0,1017.5,2,2026-03-09 02:00:00,3,-0.2999999999999545,0
17.1,0.0,85.0,1017.8,3,2026-03-09 03:00:00,3,-3.400000000000091,0
17.1,0.0,84.0,1018.5,4,2026-03-09 04:00:00,3,0.7999999999999545,0
16.4,0.05,87.0,1018.6,5,2026-03-09 05:00:00,3,1.1000000000000227,0
16.6,0.0,83.0,1019.3,6,2026-03-09 06:00:00,3,1.5,0
16.5,0.0,82.0,1019.8,7,2026-03-09 07:00:00,3,1.2999999999999545,0
16.5,0.0,80.0,1019.9,8,2026-03-09 08:00:00,3,1.2999999999999545,0
17.0,0.0,72.0,1020.2,9,2026-03-09 09:00:00,3,0.900000000000091,0
17.4,0.05,73.0,1020.4,10,2026-03-09 10:00:00,3,0.6000000000000227,0
17.2,0.05,73.0,1020.2,11,2026-03-09 11:00:00,3,0.3000000000000682,0
17.1,0.0,70.0,1019.9,12,2026-03-09 12:00:00,3,-0.3000000000000682,0
16.7,0.0,74.0,1019.6,13,2026-03-09 13:00:00,3,-0.7999999999999545,0
16.3,0.0,73.0,1019.5,14,2026-03-09 14:00:00,3,-0.7000000000000455,0
15.9,0.0,78.0,1019.7,15,2026-03-09 15:00:00,3,-0.1999999999999318,0
16.1,0.0,76.0,1019.7,16,2026-03-09 16:00:00,3,0.10000000000002274,0
15.2,0.0,79.0,1020.4,17,2026-03-09 17:00:00,3,0.8999999999999773,0
14.6,0.0,80.0,1020.8,18,2026-03-09 18:00:00,3,1.099999999999909,0
14.8,0.0,79.0,1021.2,19,2026-03-09 19:00:00,3,1.5,0
14.5,0.0,78.0,1022.2,20,2026-03-09 20:00:00,3,1.8000000000000682,0
14.1,0.0,78.0,1022.4,21,2026-03-09 21:00:00,3,1.6000000000000227,0
14.0,0.0,78.0,1022.8,22,2026-03-09 22:00:00,3,1.599999999999909,0
13.6,0.05,84.0,1022.4,23,2026-03-09 23:00:00,3,0.1999999999999318,0
13.1,0.0,78.0,1018.5,0,2026-03-10 00:00:00,3,-3.8999999999999773,0
13.8,0.0,79.0,1020.9,1,2026-03-10 01:00:00,3,-1.8999999999999773,0
13.8,0.05,77.0,1020.5,2,2026-03-10 02:00:00,3,-1.8999999999999773,0
13.7,0.05,74.0,1020.3,3,2026-03-10 03:00:00,3,1.7999999999999545,0
13.4,0.05,76.0,1020.0,4,2026-03-10 04:00:00,3,-0.8999999999999773,0
12.6,0.05,83.0,1020.2,5,2026-03-10 05:00:00,3,-0.2999999999999545,0
12.0,1.0,90.0,1020.4,6,2026-03-10 06:00:00,3,0.10000000000002274,1
12.0,2.0,90.0,1020.3,7,2026-03-10 07:00:00,3,0.2999999999999545,1
12.3,1.5,87.0,1020.4,8,2026-03-10 08:00:00,3,0.1999999999999318,1
12.2,2.0,88.0,1020.5,9,2026-03-10 09:00:00,3,0.10000000000002274,1
12.5,0.5,90.0,1020.7,10,2026-03-10 10:00:00,3,0.40000000000009095,0
12.9,0.5,88.0,1020.2,11,2026-03-10 11:00:00,3,-0.1999999999999318,0
13.1,0.0,85.0,1019.8,12,2026-03-10 12:00:00,3,-0.7000000000000455,0
13.3,0.0,83.0,1019.4,13,2026-03-10 13:00:00,3,-1.3000000000000682,0
13.8,0.0,81.0,1018.5,14,2026-03-10 14:00:00,3,-1.7000000000000455,0
14.2,0.0,77.0,1018.0,15,2026-03-10 15:00:00,3,-1.7999999999999545,0
14.3,0.0,79.0,1018.2,16,2026-03-10 16:00:00,3,-1.1999999999999318,0
14.2,0.0,76.0,1018.4,17,2026-03-10 17:00:00,3,-0.10000000000002274,0
14.0,0.0,75.0,1018.7,18,2026-03-10 18:00:00,3,0.7000000000000455,0
13.8,0.0,74.0,1018.9,19,2026-03-10 19:00:00,3,0.6999999999999318,0
13.6,0.0,75.0,1019.0,20,2026-03-10 20:00:00,3,0.6000000000000227,0
13.3,0.0,77.0,1018.9,21,2026-03-10 21:00:00,3,0.1999999999999318,0
13.2,0.0,77.0,1018.8,22,2026-03-10 22:00:00,3,-0.10000000000002274,0
12.9,0.0,79.0,1018.7,23,2026-03-10 23:00:00,3,-0.2999999999999545,0
15.0,0.0,74.0,1015.8,0,2026-03-11 00:00:00,3,-3.1000000000000227,0
13.6,0.0,75.0,1018.5,1,2026-03-11 01:00:00,3,-0.2999999999999545,0
14.1,0.0,73.0,1018.3,2,2026-03-11 02:00:00,3,-0.40000000000009095,0
14.0,0.0,74.0,1017.7,3,2026-03-11 03:00:00,3,1.900000000000091,0
14.0,0.0,73.0,1017.3,4,2026-03-11 04:00:00,3,-1.2000000000000455,0
13.9,0.0,72.0,1017.2,5,2026-03-11 05:00:00,3,-1.099999999999909,0
13.6,0.0,69.0,1017.3,6,2026-03-11 06:00:00,3,-0.40000000000009095,0
13.4,0.0,72.0,1017.5,7,2026-03-11 07:00:00,3,0.20000000000004547,0
15.3,0.0,67.0,1017.8,8,2026-03-11 08:00:00,3,0.599999999999909,0
16.8,0.0,61.0,1017.8,9,2026-03-11 09:00:00,3,0.5,0
18.1,0.0,57.0,1017.7,10,2026-03-11 10:00:00,3,0.20000000000004547,0
19.0,0.0,54.0,1017.2,11,2026-03-11 11:00:00,3,-0.599999999999909,0
19.4,0.0,52.0,1016.4,12,2026-03-11 12:00:00,3,-1.3999999999999773,0
19.4,0.0,50.0,1015.7,13,2026-03-11 13:00:00,3,-2.0,0
19.5,0.0,49.0,1014.8,14,2026-03-11 14:00:00,3,-2.400000000000091,0
19.7,0.0,50.0,1014.1,15,2026-03-11 15:00:00,3,-2.2999999999999545,0
19.1,0.0,51.0,1013.6,16,2026-03-11 16:00:00,3,-2.1000000000000227,0
18.2,0.0,55.0,1013.9,17,2026-03-11 17:00:00,3,-0.8999999999999773,0
17.4,0.0,61.0,1014.4,18,2026-03-11 18:00:00,3,0.2999999999999545,0
16.5,0.0,63.0,1014.8,19,2026-03-11 19:00:00,3,1.1999999999999318,0
15.9,0.0,68.0,1015.1,20,2026-03-11 20:00:00,3,1.2000000000000455,0
15.8,0.0,69.0,1015.4,21,2026-03-11 21:00:00,3,1.0,0
15.7,0.0,70.0,1015.9,22,2026-03-11 22:00:00,3,1.1000000000000227,0
15.5,0.0,72.0,1015.7,23,2026-03-11 23:00:00,3,0.6000000000000227,0
13.8,0.0,53.0,1022.0,0,2026-03-12 00:00:00,3,6.600000000000023,0
14.55,0.0,63.0,1019.0,1,2026-03-12 01:00:00,3,3.1000000000000227,0
15.3,0.0,73.0,1016.0,2,2026-03-12 02:00:00,3,0.2999999999999545,0
15.3,0.0,76.0,1015.7,3,2026-03-12 03:00:00,3,-6.2999999999999545,0
14.9,0.0,77.0,1015.8,4,2026-03-12 04:00:00,3,-3.2000000000000455,0
14.8,0.0,77.0,1016.2,5,2026-03-12 05:00:00,3,0.20000000000004547,0
14.8,0.0,77.0,1017.0,6,2026-03-12 06:00:00,3,1.2999999999999545,0
15.0,0.0,73.0,1017.8,7,2026-03-12 07:00:00,3,2.0,0
16.5,0.0,68.0,1018.7,8,2026-03-12 08:00:00,3,2.5,0
18.2,0.0,60.0,1019.1,9,2026-03-12 09:00:00,3,2.1000000000000227,0
18.5,0.0,58.0,1019.2,10,2026-03-12 10:00:00,3,1.400000000000091,0
18.9,0.0,55.0,1019.0,11,2026-03-12 11:00:00,3,0.2999999999999545,0
19.1,0.0,54.0,1018.8,12,2026-03-12 12:00:00,3,-0.3000000000000682,0
19.2,0.0,51.0,1018.1,13,2026-03-12 13:00:00,3,-1.1000000000000227,0
18.9,0.0,53.0,1017.7,14,2026-03-12 14:00:00,3,-1.2999999999999545,0
18.4,0.0,53.0,1018.1,15,2026-03-12 15:00:00,3,-0.6999999999999318,0
17.6,0.0,55.0,1018.7,16,2026-03-12 16:00:00,3,0.6000000000000227,0
16.5,0.0,60.0,1019.4,17,2026-03-12 17:00:00,3,1.6999999999999318,0
15.4,0.0,60.0,1020.0,18,2026-03-12 18:00:00,3,1.8999999999999773,0
15.3,0.0,47.0,1020.5,19,2026-03-12 19:00:00,3,1.7999999999999545,0
14.5,0.0,60.0,1021.2,20,2026-03-12 20:00:00,3,1.8000000000000682,0
14.3,0.0,53.0,1021.9,21,2026-03-12 21:00:00,3,1.8999999999999773,0
13.9,0.0,55.0,1022.0,22,2026-03-12 22:00:00,3,1.5,0
14.2,0.0,50.0,1021.9,23,2026-03-12 23:00:00,3,0.6999999999999318,0
15.1,0.0,57.0,1019.7,0,2026-03-13 00:00:00,3,-2.199999999999932,0
13.6,0.0,52.0,1021.8,1,2026-03-13 01:00:00,3,-0.20000000000004547,0
13.3,0.0,55.0,1021.3,2,2026-03-13 02:00:00,3,-0.6000000000000227,0
13.1,0.0,55.0,1020.9,3,2026-03-13 03:00:00,3,1.1999999999999318,0
12.9,0.0,54.0,1020.9,4,2026-03-13 04:00:00,3,-0.8999999999999773,0
13.3,0.0,47.0,1021.2,5,2026-03-13 05:00:00,3,-0.09999999999990905,0
13.1,0.0,51.0,1021.4,6,2026-03-13 06:00:00,3,0.5,0
13.4,0.0,53.0,1021.5,7,2026-03-13 07:00:00,3,0.6000000000000227,0
14.7,0.0,49.0,1022.0,8,2026-03-13 08:00:00,3,0.7999999999999545,0
16.1,0.0,47.0,1022.2,9,2026-03-13 09:00:00,3,0.8000000000000682,0
17.6,0.0,42.0,1021.6,10,2026-03-13 10:00:00,3,0.10000000000002274,0
18.0,0.0,40.0,1020.8,11,2026-03-13 11:00:00,3,-1.2000000000000455,0
17.6,0.0,49.0,1020.3,12,2026-03-13 12:00:00,3,-1.900000000000091,0
18.5,0.0,50.0,1019.7,13,2026-03-13 13:00:00,3,-1.8999999999999773,0
18.1,0.0,50.0,1019.1,14,2026-03-13 14:00:00,3,-1.6999999999999318,0
18.2,0.0,50.0,1018.6,15,2026-03-13 15:00:00,3,-1.6999999999999318,0
17.5,0.0,53.0,1018.3,16,2026-03-13 16:00:00,3,-1.400000000000091,0
17.2,0.0,49.0,1018.1,17,2026-03-13 17:00:00,3,-1.0,0
16.1,0.0,54.0,1018.1,18,2026-03-13 18:00:00,3,-0.5,0
15.7,0.0,55.0,1018.8,19,2026-03-13 19:00:00,3,0.5,0
15.5,0.0,55.0,1019.8,20,2026-03-13 20:00:00,3,1.6999999999999318,0
15.5,0.0,54.0,1020.0,21,2026-03-13 21:00:00,3,1.8999999999999773,0
15.7,0.0,52.0,1019.8,22,2026-03-13 22:00:00,3,1.0,0
15.5,0.0,54.0,1020.0,23,2026-03-13 23:00:00,3,0.20000000000004547,0
14.9,0.0,78.0,1019.3,0,2026-03-14 00:00:00,3,-0.7000000000000455,0
14.9,0.0,58.0,1019.4,1,2026-03-14 01:00:00,3,-0.39999999999997726,0
13.1,0.0,68.0,1019.1,2,2026-03-14 02:00:00,3,-0.8999999999999773,0
12.9,0.0,69.0,1019.1,3,2026-03-14 03:00:00,3,-0.1999999999999318,0
13.7,0.0,66.0,1019.2,4,2026-03-14 04:00:00,3,-0.1999999999999318,0
12.2,0.0,74.0,1019.9,5,2026-03-14 05:00:00,3,0.7999999999999545,0
11.4,0.0,79.0,1020.3,6,2026-03-14 06:00:00,3,1.1999999999999318,0
12.7,0.0,72.0,1020.9,7,2026-03-14 07:00:00,3,1.6999999999999318,0
15.1,0.0,67.0,1021.1,8,2026-03-14 08:00:00,3,1.2000000000000455,0
18.9,0.0,53.0,1021.4,9,2026-03-14 09:00:00,3,1.1000000000000227,0
20.8,0.0,47.0,1021.4,10,2026-03-14 10:00:00,3,0.5,0
22.6,0.0,47.0,1020.9,11,2026-03-14 11:00:00,3,-0.20000000000004547,0
22.9,0.0,47.0,1020.0,12,2026-03-14 12:00:00,3,-1.3999999999999773,0
22.2,0.0,50.0,1019.3,13,2026-03-14 13:00:00,3,-2.1000000000000227,0
21.5,0.0,55.0,1018.6,14,2026-03-14 14:00:00,3,-2.2999999999999545,0
21.0,0.0,55.0,1018.1,15,2026-03-14 15:00:00,3,-1.8999999999999773,0
21.0,0.0,55.0,1018.0,16,2026-03-14 16:00:00,3,-1.2999999999999545,0
20.2,0.0,57.0,1017.9,17,2026-03-14 17:00:00,3,-0.7000000000000455,0
19.1,0.0,58.0,1018.2,18,2026-03-14 18:00:00,3,0.10000000000002274,0
18.0,0.0,62.0,1018.3,19,2026-03-14 19:00:00,3,0.2999999999999545,0
17.6,0.0,64.0,1019.0,20,2026-03-14 20:00:00,3,1.1000000000000227,0
17.0,0.0,66.0,1019.5,21,2026-03-14 21:00:00,3,1.2999999999999545,0
16.3,0.0,69.0,1019.5,22,2026-03-14 22:00:00,3,1.2000000000000455,0
15.7,0.0,73.0,1019.5,23,2026-03-14 23:00:00,3,0.5,0
16.8,0.0,89.0,1017.6,0,2026-03-15 00:00:00,3,-1.8999999999999773,0
14.3,0.0,80.0,1018.9,1,2026-03-15 01:00:00,3,-0.6000000000000227,0
14.5,0.0,76.0,1018.3,2,2026-03-15 02:00:00,3,-1.2000000000000455,0
14.3,0.0,74.0,1018.0,3,2026-03-15 03:00:00,3,0.39999999999997726,0
14.0,0.0,74.0,1018.2,4,2026-03-15 04:00:00,3,-0.6999999999999318,0
13.6,0.0,76.0,1018.5,5,2026-03-15 05:00:00,3,0.20000000000004547,0
13.4,0.0,74.0,1019.2,6,2026-03-15 06:00:00,3,1.2000000000000455,0
14.2,0.0,71.0,1019.6,7,2026-03-15 07:00:00,3,1.3999999999999773,0
16.0,0.0,62.0,1020.0,8,2026-03-15 08:00:00,3,1.5,0
18.8,0.0,51.0,1020.3,9,2026-03-15 09:00:00,3,1.099999999999909,0
20.6,0.0,55.0,1020.4,10,2026-03-15 10:00:00,3,0.7999999999999545,0
22.6,0.0,50.0,1019.8,11,2026-03-15 11:00:00,3,-0.20000000000004547,0
23.5,0.0,48.0,1018.7,12,2026-03-15 12:00:00,3,-1.599999999999909,0
23.5,0.0,61.0,1017.8,13,2026-03-15 13:00:00,3,-2.6000000000000227,0
21.7,0.0,69.0,1017.0,14,2026-03-15 14:00:00,3,-2.7999999999999545,0
21.4,0.0,68.0,1016.8,15,2026-03-15 15:00:00,3,-1.900000000000091,0
21.0,0.0,71.0,1016.7,16,2026-03-15 16:00:00,3,-1.099999999999909,0
20.7,0.0,72.0,1016.6,17,2026-03-15 17:00:00,3,-0.39999999999997726,0
20.5,0.0,72.0,1016.0,18,2026-03-15 18:00:00,3,-0.7999999999999545,0
19.8,0.0,74.0,1015.8,19,2026-03-15 19:00:00,3,-0.900000000000091,0
19.1,0.0,79.0,1016.8,20,2026-03-15 20:00:00,3,0.1999999999999318,0
18.2,0.0,84.0,1017.5,21,2026-03-15 21:00:00,3,1.5,0
17.8,0.0,86.0,1017.8,22,2026-03-15 22:00:00,3,2.0,0
17.2,0.0,88.0,1017.7,23,2026-03-15 23:00:00,3,0.900000000000091,0
18.0,0.0,93.0,1015.7,0,2026-03-16 00:00:00,3,-1.7999999999999545,0
16.5,0.0,89.0,1017.4,1,2026-03-16 01:00:00,3,-0.39999999999997726,0
16.0,0.0,89.0,1017.0,2,2026-03-16 02:00:00,3,-0.7000000000000455,0
15.6,0.0,91.0,1016.3,3,2026-03-16 03:00:00,3,0.599999999999909,0
15.7,0.0,88.0,1015.9,4,2026-03-16 04:00:00,3,-1.5,0
15.5,0.0,87.0,1015.9,5,2026-03-16 05:00:00,3,-1.1000000000000227,0
14.7,0.0,89.0,1016.3,6,2026-03-16 06:00:00,3,0.0,0
15.4,0.0,85.0,1016.7,7,2026-03-16 07:00:00,3,0.8000000000000682,0
18.0,0.0,75.0,1017.0,8,2026-03-16 08:00:00,3,1.1000000000000227,0
20.3,0.0,66.0,1017.1,9,2026-03-16 09:00:00,3,0.8000000000000682,0
22.7,0.0,57.0,1017.0,10,2026-03-16 10:00:00,3,0.2999999999999545,0
23.6,0.0,63.0,1016.6,11,2026-03-16 11:00:00,3,-0.39999999999997726,0
24.6,0.0,60.0,1015.6,12,2026-03-16 12:00:00,3,-1.5,0
24.6,0.0,55.0,1014.6,13,2026-03-16 13:00:00,3,-2.3999999999999773,0
24.2,0.0,54.0,1013.9,14,2026-03-16 14:00:00,3,-2.7000000000000455,0
23.3,0.0,65.0,1013.5,15,2026-03-16 15:00:00,3,-2.1000000000000227,0
22.1,0.0,72.0,1013.3,16,2026-03-16 16:00:00,3,-1.3000000000000682,0
20.4,0.0,81.0,1013.6,17,2026-03-16 17:00:00,3,-0.2999999999999545,0
20.2,0.0,81.0,1014.2,18,2026-03-16 18:00:00,3,0.7000000000000455,0
20.1,0.0,81.0,1014.7,19,2026-03-16 19:00:00,3,1.400000000000091,0
19.8,0.0,83.0,1014.9,20,2026-03-16 20:00:00,3,1.2999999999999545,0
19.3,0.0,87.0,1015.4,21,2026-03-16 21:00:00,3,1.1999999999999318,0
19.3,0.0,86.0,1015.7,22,2026-03-16 22:00:00,3,1.0,0
18.2,0.0,91.0,1015.8,23,2026-03-16 23:00:00,3,0.8999999999999773,0
17.7,0.0,85.0,1014.1,0,2026-03-17 00:00:00,3,-1.2999999999999545,0
18.0,0.0,93.0,1015.3,1,2026-03-17 01:00:00,3,-0.40000000000009095,0
17.6,0.0,93.0,1015.0,2,2026-03-17 02:00:00,3,-0.7999999999999545,0
17.0,0.0,94.0,1014.3,3,2026-03-17 03:00:00,3,0.1999999999999318,0
15.8,0.0,97.0,1014.1,4,2026-03-17 04:00:00,3,-1.1999999999999318,0
15.8,0.0,95.0,1014.4,5,2026-03-17 05:00:00,3,-0.6000000000000227,0
15.9,0.0,92.0,1014.6,6,2026-03-17 06:00:00,3,0.3000000000000682,0
16.0,0.0,87.0,1015.7,7,2026-03-17 07:00:00,3,1.6000000000000227,0
16.8,0.0,84.0,1015.9,8,2026-03-17 08:00:00,3,1.5,0
18.5,0.0,82.0,1016.2,9,2026-03-17 09:00:00,3,1.6000000000000227,0
21.0,0.0,73.0,1015.8,10,2026-03-17 10:00:00,3,0.09999999999990905,0
21.1,0.0,72.0,1015.5,11,2026-03-17 11:00:00,3,-0.39999999999997726,0
21.7,0.0,71.0,1014.6,12,2026-03-17 12:00:00,3,-1.6000000000000227,0
21.5,0.0,72.0,1014.1,13,2026-03-17 13:00:00,3,-1.6999999999999318,0
21.1,0.0,74.0,1013.3,14,2026-03-17 14:00:00,3,-2.2000000000000455,0
20.2,0.0,77.0,1012.7,15,2026-03-17 15:00:00,3,-1.8999999999999773,0
19.7,0.0,78.0,1012.8,16,2026-03-17 16:00:00,3,-1.3000000000000682,0
19.6,0.0,78.0,1013.1,17,2026-03-17 17:00:00,3,-0.1999999999999318,0
19.6,0.0,76.0,1012.8,18,2026-03-17 18:00:00,3,0.09999999999990905,0
19.3,0.0,78.0,1013.3,19,2026-03-17 19:00:00,3,0.5,0
19.3,0.0,82.0,1013.9,20,2026-03-17 20:00:00,3,0.7999999999999545,0
18.7,0.0,85.0,1014.1,21,2026-03-17 21:00:00,3,1.3000000000000682,0
18.6,0.0,85.0,1014.3,22,2026-03-17 22:00:00,3,1.0,0
18.2,0.0,85.0,1014.5,23,2026-03-17 23:00:00,3,0.6000000000000227,0
20.2,0.0,83.0,1011.7,0,2026-03-18 00:00:00,3,-2.3999999999999773,0
17.3,0.0,85.0,1013.8,1,2026-03-18 01:00:00,3,-0.5,0
16.8,0.0,86.0,1013.6,2,2026-03-18 02:00:00,3,-0.8999999999999773,0
16.7,0.0,84.0,1013.1,3,2026-03-18 03:00:00,3,1.3999999999999773,0
16.4,0.0,83.0,1012.7,4,2026-03-18 04:00:00,3,-1.099999999999909,0
16.6,0.0,80.0,1012.4,5,2026-03-18 05:00:00,3,-1.2000000000000455,0
15.5,0.0,86.0,1012.7,6,2026-03-18 06:00:00,3,-0.39999999999997726,0
16.7,0.0,81.0,1013.1,7,2026-03-18 07:00:00,3,0.39999999999997726,0
19.4,0.0,68.0,1013.8,8,2026-03-18 08:00:00,3,1.3999999999999773,0
21.5,0.0,61.0,1013.9,9,2026-03-18 09:00:00,3,1.1999999999999318,0
24.2,0.0,50.0,1013.9,10,2026-03-18 10:00:00,3,0.7999999999999545,0
25.1,0.0,49.0,1013.3,11,2026-03-18 11:00:00,3,-0.5,0
25.3,0.0,51.0,1012.7,12,2026-03-18 12:00:00,3,-1.1999999999999318,0
25.7,0.0,53.0,1011.6,13,2026-03-18 13:00:00,3,-2.2999999999999545,0
25.0,0.0,62.0,1010.5,14,2026-03-18 14:00:00,3,-2.7999999999999545,0
24.6,0.0,61.0,1010.1,15,2026-03-18 15:00:00,3,-2.6000000000000227,0
24.2,0.0,70.0,1010.3,16,2026-03-18 16:00:00,3,-1.3000000000000682,0
22.8,0.0,77.0,1010.7,17,2026-03-18 17:00:00,3,0.20000000000004547,0
22.7,0.0,76.0,1010.9,18,2026-03-18 18:00:00,3,0.7999999999999545,0
22.6,0.0,75.0,1011.3,19,2026-03-18 19:00:00,3,1.0,0
22.5,0.0,77.0,1011.7,20,2026-03-18 20:00:00,3,1.0,0
22.6,0.0,76.0,1011.9,21,2026-03-18 21:00:00,3,1.0,0
21.5,0.0,82.0,1012.0,22,2026-03-18 22:00:00,3,0.7000000000000455,0
20.9,0.0,83.0,1011.9,23,2026-03-18 23:00:00,3,0.1999999999999318,0
18.1,0.0,85.0,1014.2,0,2026-03-19 00:00:00,3,2.300000000000068,0
19.9,0.0,84.0,1011.6,1,2026-03-19 01:00:00,3,-0.39999999999997726,0
19.6,0.0,81.0,1011.5,2,2026-03-19 02:00:00,3,-0.39999999999997726,0
19.3,0.0,83.0,1011.5,3,2026-03-19 03:00:00,3,-2.7000000000000455,0
18.2,0.0,88.0,1011.6,4,2026-03-19 04:00:00,3,0.0,0
19.3,0.0,90.0,1011.8,5,2026-03-19 05:00:00,3,0.2999999999999545,0
18.9,0.0,87.0,1012.2,6,2026-03-19 06:00:00,3,0.7000000000000455,0
18.4,0.0,91.0,1013.2,7,2026-03-19 07:00:00,3,1.6000000000000227,0
18.7,0.0,89.0,1014.0,8,2026-03-19 08:00:00,3,2.2000000000000455,0
18.7,0.0,87.0,1014.3,9,2026-03-19 09:00:00,3,2.099999999999909,0
19.3,0.0,84.0,1014.4,10,2026-03-19 10:00:00,3,1.1999999999999318,0
18.9,0.0,85.0,1014.0,11,2026-03-19 11:00:00,3,0.0,0
18.5,0.0,86.0,1013.7,12,2026-03-19 12:00:00,3,-0.599999999999909,0
18.6,0.0,85.0,1013.1,13,2026-03-19 13:00:00,3,-1.2999999999999545,0
18.3,0.0,86.0,1012.6,14,2026-03-19 14:00:00,3,-1.3999999999999773,0
18.1,0.0,86.0,1012.2,15,2026-03-19 15:00:00,3,-1.5,0
18.1,0.0,86.0,1011.8,16,2026-03-19 16:00:00,3,-1.3000000000000682,0
18.8,0.0,83.0,1011.7,17,2026-03-19 17:00:00,3,-0.8999999999999773,0
18.1,0.0,85.0,1012.0,18,2026-03-19 18:00:00,3,-0.20000000000004547,0
18.1,0.0,85.0,1012.9,19,2026-03-19 19:00:00,3,1.1000000000000227,0
18.1,0.0,84.0,1013.7,20,2026-03-19 20:00:00,3,2.0,0
17.9,0.0,86.0,1013.9,21,2026-03-19 21:00:00,3,1.8999999999999773,0
18.0,0.0,86.0,1014.2,22,2026-03-19 22:00:00,3,1.3000000000000682,0
18.1,0.0,85.0,1014.4,23,2026-03-19 23:00:00,3,0.6999999999999318,0
19.2,0.0,84.0,1015.8,0,2026-03-20 00:00:00,3,1.8999999999999773,0
18.3,0.0,85.0,1013.6,1,2026-03-20 01:00:00,3,-0.6000000000000227,0
18.2,0.0,85.0,1013.0,2,2026-03-20 02:00:00,3,-1.3999999999999773,0
18.2,0.0,85.0,1012.8,3,2026-03-20 03:00:00,3,-3.0,0
18.2,0.0,86.0,1012.8,4,2026-03-20 04:00:00,3,-0.8000000000000682,0
17.9,0.0,88.0,1013.0,5,2026-03-20 05:00:00,3,0.0,0
17.7,0.0,87.0,1013.5,6,2026-03-20 06:00:00,3,0.7000000000000455,0
17.9,0.0,86.0,1013.6,7,2026-03-20 07:00:00,3,0.8000000000000682,0
18.6,0.0,83.0,1014.2,8,2026-03-20 08:00:00,3,1.2000000000000455,0
19.4,0.0,78.0,1014.7,9,2026-03-20 09:00:00,3,1.2000000000000455,0
20.4,0.0,77.0,1014.8,10,2026-03-20 10:00:00,3,1.1999999999999318,0
22.2,0.0,73.0,1014.1,11,2026-03-20 11:00:00,3,-0.10000000000002274,0
24.2,0.0,66.0,1012.8,12,2026-03-20 12:00:00,3,-1.900000000000091,0
24.6,0.0,65.0,1011.9,13,2026-03-20 13:00:00,3,-2.8999999999999773,0
24.5,0.0,68.0,1011.2,14,2026-03-20 14:00:00,3,-2.8999999999999773,0
22.6,0.0,73.0,1011.4,15,2026-03-20 15:00:00,3,-1.3999999999999773,0
21.1,0.0,78.0,1012.0,16,2026-03-20 16:00:00,3,0.10000000000002274,0
19.9,0.0,81.0,1012.4,17,2026-03-20 17:00:00,3,1.1999999999999318,0
19.9,0.0,81.0,1012.4,18,2026-03-20 18:00:00,3,1.0,0
19.8,0.0,83.0,1013.0,19,2026-03-20 19:00:00,3,1.0,0
19.6,0.0,84.0,1013.9,20,2026-03-20 20:00:00,3,1.5,0
19.8,0.0,84.0,1014.5,21,2026-03-20 21:00:00,3,2.1000000000000227,0
19.9,0.0,83.0,1014.9,22,2026-03-20 22:00:00,3,1.8999999999999773,0
19.8,0.0,84.0,1015.5,23,2026-03-20 23:00:00,3,1.6000000000000227,0
18.1,0.0,90.0,1014.4,0,2026-03-21 00:00:00,3,-0.10000000000002274,0
17.8,0.05,93.0,1015.8,1,2026-03-21 01:00:00,3,0.8999999999999773,0
17.2,0.05,91.0,1015.8,2,2026-03-21 02:00:00,3,0.2999999999999545,0
16.8,0.05,92.0,1015.4,3,2026-03-21 03:00:00,3,1.0,0
16.8,0.0,90.0,1014.8,4,2026-03-21 04:00:00,3,-1.0,0
16.9,0.0,89.0,1014.5,5,2026-03-21 05:00:00,3,-1.2999999999999545,0
17.1,0.0,89.0,1014.5,6,2026-03-21 06:00:00,3,-0.8999999999999773,0
17.6,0.0,87.0,1014.9,7,2026-03-21 07:00:00,3,0.10000000000002274,0
18.2,0.0,84.0,1015.7,8,2026-03-21 08:00:00,3,1.2000000000000455,0
18.4,0.0,84.0,1016.5,9,2026-03-21 09:00:00,3,2.0,0
18.5,0.0,86.0,1016.2,10,2026-03-21 10:00:00,3,1.3000000000000682,0
18.7,0.0,86.0,1016.3,11,2026-03-21 11:00:00,3,0.599999999999909,0
19.2,0.0,82.0,1015.8,12,2026-03-21 12:00:00,3,-0.7000000000000455,0
19.4,0.0,82.0,1015.2,13,2026-03-21 13:00:00,3,-1.0,0
18.5,0.0,85.0,1014.9,14,2026-03-21 14:00:00,3,-1.3999999999999773,0
18.2,0.0,86.0,1014.3,15,2026-03-21 15:00:00,3,-1.5,0
18.0,0.0,87.0,1014.3,16,2026-03-21 16:00:00,3,-0.900000000000091,0
17.8,0.0,89.0,1014.2,17,2026-03-21 17:00:00,3,-0.6999999999999318,0
17.8,0.0,88.0,1014.3,18,2026-03-21 18:00:00,3,0.0,0
17.6,0.0,90.0,1014.5,19,2026-03-21 19:00:00,3,0.20000000000004547,0
17.2,0.0,91.0,1014.7,20,2026-03-21 20:00:00,3,0.5,0
17.6,0.0,90.0,1014.6,21,2026-03-21 21:00:00,3,0.3000000000000682,0
17.7,0.0,90.0,1014.5,22,2026-03-21 22:00:00,3,0.0,0
17.9,0.0,90.0,1014.6,23,2026-03-21 23:00:00,3,-0.10000000000002274,0
18.8,0.0,94.0,1013.1,0,2026-03-22 00:00:00,3,-1.5,0
17.9,0.0,92.0,1014.1,1,2026-03-22 01:00:00,3,-0.39999999999997726,0
17.0,0.05,95.0,1014.1,2,2026-03-22 02:00:00,3,-0.5,0
16.9,0.0,94.0,1013.6,3,2026-03-22 03:00:00,3,0.5,0
16.7,0.0,94.0,1013.4,4,2026-03-22 04:00:00,3,-0.7000000000000455,0
16.8,0.0,95.0,1013.6,5,2026-03-22 05:00:00,3,-0.5,0
16.7,0.0,95.0,1014.2,6,2026-03-22 06:00:00,3,0.6000000000000227,0
17.1,0.0,92.0,1014.0,7,2026-03-22 07:00:00,3,0.6000000000000227,0
17.8,0.0,90.0,1014.1,8,2026-03-22 08:00:00,3,0.5,0
18.1,0.0,90.0,1014.4,9,2026-03-22 09:00:00,3,0.1999999999999318,0
19.7,0.0,83.0,1014.0,10,2026-03-22 10:00:00,3,0.0,0
21.5,0.0,75.0,1013.6,11,2026-03-22 11:00:00,3,-0.5,0
23.3,0.0,74.0,1013.0,12,2026-03-22 12:00:00,3,-1.3999999999999773,0
23.0,0.0,74.0,1012.3,13,2026-03-22 13:00:00,3,-1.7000000000000455,0
22.9,0.0,74.0,1011.6,14,2026-03-22 14:00:00,3,-2.0,0
23.1,0.0,74.0,1010.9,15,2026-03-22 15:00:00,3,-2.1000000000000227,0
22.7,0.0,75.0,1010.8,16,2026-03-22 16:00:00,3,-1.5,0
21.2,0.0,80.0,1011.1,17,2026-03-22 17:00:00,3,-0.5,0
19.3,0.0,89.0,1011.8,18,2026-03-22 18:00:00,3,0.8999999999999773,0
19.0,0.0,91.0,1012.3,19,2026-03-22 19:00:00,3,1.5,0
19.2,0.0,92.0,1012.6,20,2026-03-22 20:00:00,3,1.5,0
19.2,0.0,90.0,1012.7,21,2026-03-22 21:00:00,3,0.900000000000091,0
19.2,0.0,91.0,1012.8,22,2026-03-22 22:00:00,3,0.5,0
19.2,0.0,93.0,1013.0,23,2026-03-22 23:00:00,3,0.39999999999997726,0
20.8,0.0,89.0,1012.0,0,2026-03-23 00:00:00,3,-0.7000000000000455,0
18.8,0.0,94.0,1013.0,1,2026-03-23 01:00:00,3,0.20000000000004547,0
18.9,0.0,95.0,1012.9,2,2026-03-23 02:00:00,3,-0.10000000000002274,0
19.1,0.0,92.0,1012.1,3,2026-03-23 03:00:00,3,0.10000000000002274,0
18.8,0.0,94.0,1011.8,4,2026-03-23 04:00:00,3,-1.2000000000000455,0
18.9,0.0,94.0,1011.6,5,2026-03-23 05:00:00,3,-1.2999999999999545,0
19.0,0.0,93.0,1012.2,6,2026-03-23 06:00:00,3,0.10000000000002274,0
19.6,0.0,89.0,1012.7,7,2026-03-23 07:00:00,3,0.900000000000091,0
20.7,0.0,85.0,1012.9,8,2026-03-23 08:00:00,3,1.2999999999999545,0
22.2,0.0,80.0,1012.7,9,2026-03-23 09:00:00,3,0.5,0
24.1,0.0,71.0,1012.3,10,2026-03-23 10:00:00,3,-0.40000000000009095,0
25.4,0.0,66.0,1012.0,11,2026-03-23 11:00:00,3,-0.8999999999999773,0
25.9,0.0,69.0,1011.4,12,2026-03-23 12:00:00,3,-1.3000000000000682,0
25.9,0.0,70.0,1010.8,13,2026-03-23 13:00:00,3,-1.5,0
25.1,0.0,71.0,1010.2,14,2026-03-23 14:00:00,3,-1.7999999999999545,0
23.7,0.0,74.0,1010.3,15,2026-03-23 15:00:00,3,-1.1000000000000227,0
22.4,0.0,80.0,1010.7,16,2026-03-23 16:00:00,3,-0.09999999999990905,0
21.8,0.0,83.0,1010.9,17,2026-03-23 17:00:00,3,0.6999999999999318,0
21.4,0.0,85.0,1011.4,18,2026-03-23 18:00:00,3,1.1000000000000227,0
21.1,0.0,87.0,1011.5,19,2026-03-23 19:00:00,3,0.7999999999999545,0
20.7,0.0,88.0,1011.6,20,2026-03-23 20:00:00,3,0.7000000000000455,0
20.9,0.0,88.0,1011.3,21,2026-03-23 21:00:00,3,-0.10000000000002274,0
20.6,0.0,89.0,1011.4,22,2026-03-23 22:00:00,3,-0.10000000000002274,0
20.3,0.0,92.0,1011.5,23,2026-03-23 23:00:00,3,-0.10000000000002274,0
21.6,0.0,87.0,1010.1,0,2026-03-24 00:00:00,3,-1.1999999999999318,0
21.0,0.0,89.0,1011.7,1,2026-03-24 01:00:00,3,0.3000000000000682,0
20.9,0.0,89.0,1011.2,2,2026-03-24 02:00:00,3,-0.2999999999999545,0
20.4,0.0,92.0,1010.3,3,2026-03-24 03:00:00,3,0.1999999999999318,0
20.0,0.0,93.0,1009.6,4,2026-03-24 04:00:00,3,-2.1000000000000227,0
19.7,0.0,93.0,1009.6,5,2026-03-24 05:00:00,3,-1.6000000000000227,0
20.0,0.0,91.0,1009.9,6,2026-03-24 06:00:00,3,-0.39999999999997726,0
20.7,0.0,86.0,1010.5,7,2026-03-24 07:00:00,3,0.8999999999999773,0
21.1,0.0,84.0,1010.9,8,2026-03-24 08:00:00,3,1.2999999999999545,0
22.7,0.0,78.0,1010.8,9,2026-03-24 09:00:00,3,0.8999999999999773,0
24.2,0.0,72.0,1010.6,10,2026-03-24 10:00:00,3,0.10000000000002274,0
24.9,0.0,69.0,1010.3,11,2026-03-24 11:00:00,3,-0.6000000000000227,0
25.1,0.0,73.0,1009.3,12,2026-03-24 12:00:00,3,-1.5,0
22.7,0.0,82.0,1009.4,13,2026-03-24 13:00:00,3,-1.2000000000000455,0
20.4,0.0,89.0,1009.2,14,2026-03-24 14:00:00,3,-1.099999999999909,0
20.3,0.0,90.0,1008.7,15,2026-03-24 15:00:00,3,-0.599999999999909,0
20.2,0.0,90.0,1008.1,16,2026-03-24 16:00:00,3,-1.2999999999999545,0
20.8,0.0,87.0,1007.5,17,2026-03-24 17:00:00,3,-1.7000000000000455,0
20.7,0.0,88.0,1007.8,18,2026-03-24 18:00:00,3,-0.900000000000091,0
21.0,0.0,87.0,1008.9,19,2026-03-24 19:00:00,3,0.7999999999999545,0
21.2,0.0,86.0,1009.5,20,2026-03-24 20:00:00,3,2.0,0
21.2,0.0,86.0,1010.1,21,2026-03-24 21:00:00,3,2.300000000000068,0
21.1,0.0,88.0,1009.9,22,2026-03-24 22:00:00,3,1.0,0
20.200000000000003,0.0,81.5,1010.7,23,2026-03-24 23:00:00,3,1.2000000000000455,0
19.3,0.0,75.0,1011.5,0,2026-03-25 00:00:00,3,1.3999999999999773,0
21.0,0.0,89.0,1009.7,1,2026-03-25 01:00:00,3,-0.1999999999999318,0
20.8,0.0,91.0,1009.0,2,2026-03-25 02:00:00,3,-1.7000000000000455,0
20.4,0.0,93.0,1008.9,3,2026-03-25 03:00:00,3,-2.6000000000000227,0
20.3,0.0,93.0,1008.7,4,2026-03-25 04:00:00,3,-1.0,0
19.8,0.0,94.0,1009.4,5,2026-03-25 05:00:00,3,0.39999999999997726,0
20.5,0.0,92.0,1010.6,6,2026-03-25 06:00:00,3,1.7000000000000455,0
20.6,0.0,94.0,1010.9,7,2026-03-25 07:00:00,3,2.199999999999932,0
21.5,0.0,91.0,1011.0,8,2026-03-25 08:00:00,3,1.6000000000000227,0
21.5,0.0,90.0,1011.3,9,2026-03-25 09:00:00,3,0.6999999999999318,0
23.2,0.0,81.0,1011.7,10,2026-03-25 10:00:00,3,0.8000000000000682,0
24.3,0.0,75.0,1011.4,11,2026-03-25 11:00:00,3,0.39999999999997726,0
25.7,0.0,70.0,1010.7,12,2026-03-25 12:00:00,3,-0.599999999999909,0
26.3,0.0,64.0,1009.9,13,2026-03-25 13:00:00,3,-1.8000000000000682,0
25.5,0.0,66.0,1009.7,14,2026-03-25 14:00:00,3,-1.6999999999999318,0
24.7,0.0,63.0,1009.3,15,2026-03-25 15:00:00,3,-1.400000000000091,0
24.3,0.0,63.0,1009.3,16,2026-03-25 16:00:00,3,-0.6000000000000227,0
23.6,0.0,63.0,1009.5,17,2026-03-25 17:00:00,3,-0.20000000000004547,0
23.3,0.0,66.0,1009.4,18,2026-03-25 18:00:00,3,0.10000000000002274,0
22.4,0.0,69.0,1010.1,19,2026-03-25 19:00:00,3,0.8000000000000682,0
20.9,0.0,74.0,1010.7,20,2026-03-25 20:00:00,3,1.2000000000000455,0
20.0,0.0,76.0,1010.9,21,2026-03-25 21:00:00,3,1.5,0
19.5,0.0,77.0,1011.2,22,2026-03-25 22:00:00,3,1.1000000000000227,0
19.4,0.0,77.0,1011.3,23,2026-03-25 23:00:00,3,0.599999999999909,0
20.2,0.0,90.0,1010.4,0,2026-03-26 00:00:00,3,-0.5,0
19.0,0.0,73.0,1010.6,1,2026-03-26 01:00:00,3,-0.6000000000000227,0
18.7,0.0,74.0,1010.0,2,2026-03-26 02:00:00,3,-1.2999999999999545,0
18.4,0.0,76.0,1010.1,3,2026-03-26 03:00:00,3,-0.2999999999999545,0
18.5,0.0,75.0,1009.9,4,2026-03-26 04:00:00,3,-0.7000000000000455,0
18.3,0.0,75.0,1009.8,5,2026-03-26 05:00:00,3,-0.20000000000004547,0
18.3,0.0,75.0,1010.3,6,2026-03-26 06:00:00,3,0.1999999999999318,0
18.9,0.0,71.0,1010.5,7,2026-03-26 07:00:00,3,0.6000000000000227,0
20.1,0.0,68.0,1010.7,8,2026-03-26 08:00:00,3,0.900000000000091,0
21.0,0.0,66.0,1010.7,9,2026-03-26 09:00:00,3,0.40000000000009095,0
22.4,0.0,62.0,1010.2,10,2026-03-26 10:00:00,3,-0.2999999999999545,0
23.9,0.0,58.0,1009.7,11,2026-03-26 11:00:00,3,-1.0,0
26.0,0.0,60.0,1008.3,12,2026-03-26 12:00:00,3,-2.400000000000091,0
27.8,0.0,55.0,1007.2,13,2026-03-26 13:00:00,3,-3.0,0
25.7,0.0,61.0,1007.2,14,2026-03-26 14:00:00,3,-2.5,0
24.0,0.0,65.0,1007.5,15,2026-03-26 15:00:00,3,-0.7999999999999545,0
22.4,0.0,69.0,1008.4,16,2026-03-26 16:00:00,3,1.1999999999999318,0
22.3,0.0,70.0,1008.4,17,2026-03-26 17:00:00,3,1.1999999999999318,0
21.7,0.0,74.0,1009.2,18,2026-03-26 18:00:00,3,1.7000000000000455,0
21.0,0.05,81.0,1009.6,19,2026-03-26 19:00:00,3,1.2000000000000455,0
20.5,0.05,88.0,1010.1,20,2026-03-26 20:00:00,3,1.7000000000000455,0
19.9,0.5,93.0,1010.5,21,2026-03-26 21:00:00,3,1.2999999999999545,0
20.0,0.05,92.0,1010.7,22,2026-03-26 22:00:00,3,1.1000000000000227,0
19.9,0.5,90.0,1010.7,23,2026-03-26 23:00:00,3,0.6000000000000227,0
19.6,0.0,91.0,1009.8,0,2026-03-27 00:00:00,3,-0.7000000000000455,0
20.2,0.0,91.0,1009.9,1,2026-03-27 01:00:00,3,-0.8000000000000682,0
20.2,0.0,91.0,1009.8,2,2026-03-27 02:00:00,3,-0.900000000000091,0
20.3,0.0,89.0,1009.6,3,2026-03-27 03:00:00,3,-0.1999999999999318,0
19.7,0.05,92.0,1009.2,4,2026-03-27 04:00:00,3,-0.6999999999999318,0
19.2,0.5,93.0,1009.8,5,2026-03-27 05:00:00,3,0.0,0
19.3,0.05,94.0,1010.2,6,2026-03-27 06:00:00,3,0.6000000000000227,0
19.2,1.0,94.0,1010.6,7,2026-03-27 07:00:00,3,1.3999999999999773,1
19.3,0.5,94.0,1010.9,8,2026-03-27 08:00:00,3,1.1000000000000227,0
19.7,0.5,93.0,1011.1,9,2026-03-27 09:00:00,3,0.8999999999999773,0
19.8,0.5,95.0,1011.2,10,2026-03-27 10:00:00,3,0.6000000000000227,0
20.0,0.5,92.0,1011.0,11,2026-03-27 11:00:00,3,0.10000000000002274,0
20.0,0.5,93.0,1010.4,12,2026-03-27 12:00:00,3,-0.7000000000000455,0
20.5,0.05,93.0,1009.5,13,2026-03-27 13:00:00,3,-1.7000000000000455,0
20.7,0.0,90.0,1008.5,14,2026-03-27 14:00:00,3,-2.5,0
21.0,0.0,88.0,1008.2,15,2026-03-27 15:00:00,3,-2.199999999999932,0
20.5,0.0,89.0,1007.9,16,2026-03-27 16:00:00,3,-1.6000000000000227,0
20.3,0.0,88.0,1008.1,17,2026-03-27 17:00:00,3,-0.39999999999997726,0
19.7,0.0,91.0,1008.3,18,2026-03-27 18:00:00,3,0.09999999999990905,0
19.5,0.0,91.0,1008.8,19,2026-03-27 19:00:00,3,0.8999999999999773,0
19.7,0.0,90.0,1009.5,20,2026-03-27 20:00:00,3,1.3999999999999773,0
19.8,0.0,89.0,1010.4,21,2026-03-27 21:00:00,3,2.1000000000000227,0
19.7,0.0,91.0,1010.6,22,2026-03-27 22:00:00,3,1.8000000000000682,0
19.7,0.0,91.0,1009.9,23,2026-03-27 23:00:00,3,0.39999999999997726,0
21.2,0.0,91.0,1009.2,0,2026-03-28 00:00:00,3,-1.1999999999999318,0
19.4,0.0,92.0,1010.0,1,2026-03-28 01:00:00,3,-0.6000000000000227,0
19.7,0.0,90.0,1009.6,2,2026-03-28 02:00:00,3,-0.2999999999999545,0
19.8,0.0,90.0,1009.0,3,2026-03-28 03:00:00,3,-0.20000000000004547,0
19.9,0.0,90.0,1008.8,4,2026-03-28 04:00:00,3,-1.2000000000000455,0
19.7,0.0,90.0,1009.3,5,2026-03-28 05:00:00,3,-0.3000000000000682,0
19.8,0.0,89.0,1010.4,6,2026-03-28 06:00:00,3,1.3999999999999773,0
19.6,0.0,89.0,1010.7,7,2026-03-28 07:00:00,3,1.900000000000091,0
19.7,0.05,89.0,1011.4,8,2026-03-28 08:00:00,3,2.1000000000000227,0
20.0,0.05,87.0,1011.7,9,2026-03-28 09:00:00,3,1.3000000000000682,0
21.2,0.0,83.0,1011.5,10,2026-03-28 10:00:00,3,0.7999999999999545,0
21.9,0.0,81.0,1010.9,11,2026-03-28 11:00:00,3,-0.5,0
22.1,0.0,81.0,1010.5,12,2026-03-28 12:00:00,3,-1.2000000000000455,0
22.6,0.0,81.0,1009.6,13,2026-03-28 13:00:00,3,-1.8999999999999773,0
23.1,0.0,78.0,1008.7,14,2026-03-28 14:00:00,3,-2.199999999999932,0
23.1,0.0,79.0,1008.1,15,2026-03-28 15:00:00,3,-2.3999999999999773,0
22.4,0.0,81.0,1007.8,16,2026-03-28 16:00:00,3,-1.8000000000000682,0
22.1,0.0,82.0,1008.1,17,2026-03-28 17:00:00,3,-0.6000000000000227,0
21.4,0.0,86.0,1008.6,18,2026-03-28 18:00:00,3,0.5,0
21.1,0.0,88.0,1008.8,19,2026-03-28 19:00:00,3,1.0,0
21.1,0.0,89.0,1009.2,20,2026-03-28 20:00:00,3,1.1000000000000227,0
21.1,0.0,89.0,1009.8,21,2026-03-28 21:00:00,3,1.1999999999999318,0
21.1,0.0,89.0,1009.6,22,2026-03-28 22:00:00,3,0.8000000000000682,0
21.0,0.0,91.0,1009.4,23,2026-03-28 23:00:00,3,0.1999999999999318,0
20.3,0.0,93.0,1009.2,0,2026-03-29 00:00:00,3,-0.599999999999909,0
21.1,0.0,92.0,1008.7,1,2026-03-29 01:00:00,3,-0.8999999999999773,0
21.1,0.0,91.0,1008.2,2,2026-03-29 02:00:00,3,-1.1999999999999318,0
21.1,0.0,92.0,1007.9,3,2026-03-29 03:00:00,3,-1.3000000000000682,0
20.8,0.05,96.0,1008.2,4,2026-03-29 04:00:00,3,-0.5,0
20.8,0.05,96.0,1008.1,5,2026-03-29 05:00:00,3,-0.10000000000002274,0
19.7,1.0,96.0,1008.7,6,2026-03-29 06:00:00,3,0.8000000000000682,1
19.5,0.05,96.0,1009.5,7,2026-03-29 07:00:00,3,1.2999999999999545,0
19.7,0.5,95.0,1010.3,8,2026-03-29 08:00:00,3,2.199999999999932,0
20.0,0.05,94.0,1010.5,9,2026-03-29 09:00:00,3,1.7999999999999545,0
20.8,0.0,90.0,1010.2,10,2026-03-29 10:00:00,3,0.7000000000000455,0
21.8,0.0,86.0,1010.1,11,2026-03-29 11:00:00,3,-0.1999999999999318,0
21.6,0.0,86.0,1009.5,12,2026-03-29 12:00:00,3,-1.0,0
22.2,0.0,85.0,1008.8,13,2026-03-29 13:00:00,3,-1.400000000000091,0
22.3,0.0,83.0,1008.1,14,2026-03-29 14:00:00,3,-2.0,0
22.3,0.0,83.0,1007.3,15,2026-03-29 15:00:00,3,-2.2000000000000455,0
22.3,0.0,83.0,1006.9,16,2026-03-29 16:00:00,3,-1.8999999999999773,0
22.7,0.0,82.0,1006.9,17,2026-03-29 17:00:00,3,-1.2000000000000455,0
22.0,0.0,84.0,1007.4,18,2026-03-29 18:00:00,3,0.10000000000002274,0
21.4,0.0,87.0,1008.1,19,2026-03-29 19:00:00,3,1.2000000000000455,0
21.1,0.0,88.0,1008.8,20,2026-03-29 20:00:00,3,1.8999999999999773,0
20.7,0.0,91.0,1009.1,21,2026-03-29 21:00:00,3,1.7000000000000455,0
20.6,0.0,91.0,1009.2,22,2026-03-29 22:00:00,3,1.1000000000000227,0
20.3,0.0,93.0,1009.0,23,2026-03-29 23:00:00,3,0.20000000000004547,0
22.0,0.0,83.0,1007.7,0,2026-03-30 00:00:00,3,-1.3999999999999773,0
20.2,0.0,96.0,1009.9,1,2026-03-30 01:00:00,3,0.6999999999999318,0
20.7,0.0,94.0,1009.1,2,2026-03-30 02:00:00,3,0.10000000000002274,0
20.4,0.0,96.0,1007.8,3,2026-03-30 03:00:00,3,0.09999999999990905,0
21.0,0.0,92.0,1006.3,4,2026-03-30 04:00:00,3,-3.6000000000000227,0
20.8,0.0,93.0,1006.5,5,2026-03-30 05:00:00,3,-2.6000000000000227,0
20.9,0.0,92.0,1007.0,6,2026-03-30 06:00:00,3,-0.7999999999999545,0
20.9,0.0,90.0,1006.9,7,2026-03-30 07:00:00,3,0.6000000000000227,0
22.2,0.0,86.0,1007.5,8,2026-03-30 08:00:00,3,1.0,0
24.5,0.0,78.0,1007.7,9,2026-03-30 09:00:00,3,0.7000000000000455,0
25.6,0.0,75.0,1008.2,10,2026-03-30 10:00:00,3,1.3000000000000682,0
25.7,0.0,76.0,1007.9,11,2026-03-30 11:00:00,3,0.39999999999997726,0
26.9,0.0,73.0,1007.2,12,2026-03-30 12:00:00,3,-0.5,0
27.5,0.0,68.0,1007.0,13,2026-03-30 13:00:00,3,-1.2000000000000455,0
26.6,0.0,74.0,1006.6,14,2026-03-30 14:00:00,3,-1.2999999999999545,0
24.7,0.0,87.0,1006.7,15,2026-03-30 15:00:00,3,-0.5,0
25.2,0.0,85.0,1007.0,16,2026-03-30 16:00:00,3,0.0,0
26.1,0.0,75.0,1006.9,17,2026-03-30 17:00:00,3,0.2999999999999545,0
26.3,0.0,70.0,1005.3,18,2026-03-30 18:00:00,3,-1.400000000000091,0
26.3,0.0,65.0,1005.0,19,2026-03-30 19:00:00,3,-2.0,0
26.2,0.0,62.0,1005.5,20,2026-03-30 20:00:00,3,-1.3999999999999773,0
23.6,0.0,78.0,1006.1,21,2026-03-30 21:00:00,3,0.8000000000000682,0
22.8,0.0,82.0,1006.7,22,2026-03-30 22:00:00,3,1.7000000000000455,0
22.6,0.0,83.0,1007.3,23,2026-03-30 23:00:00,3,1.7999999999999545,0
23.0,0.0,89.0,1008.6,0,2026-03-31 00:00:00,3,2.5,0
21.7,0.0,82.0,1007.5,1,2026-03-31 01:00:00,3,0.7999999999999545,0
21.6,0.0,79.0,1007.2,2,2026-03-31 02:00:00,3,-0.09999999999990905,0
21.7,0.0,81.0,1007.1,3,2026-03-31 03:00:00,3,-1.5,0
24.3,0.0,73.0,1007.3,4,2026-03-31 04:00:00,3,-0.20000000000004547,0
21.3,0.0,81.0,1007.9,5,2026-03-31 05:00:00,3,0.6999999999999318,0
20.6,0.0,83.0,1008.6,6,2026-03-31 06:00:00,3,1.5,0
21.7,0.0,78.0,1009.1,7,2026-03-31 07:00:00,3,1.8000000000000682,0
24.0,0.0,71.0,1009.2,8,2026-03-31 08:00:00,3,1.3000000000000682,0
26.3,0.0,68.0,1008.0,9,2026-03-31 09:00:00,3,-0.6000000000000227,0
29.3,0.0,54.0,1007.6,10,2026-03-31 10:00:00,3,-1.5,0
29.3,0.0,59.0,1007.4,11,2026-03-31 11:00:00,3,-1.8000000000000682,0
28.7,0.0,68.0,1006.9,12,2026-03-31 12:00:00,3,-1.1000000000000227,0
28.0,0.0,69.0,1006.8,13,2026-03-31 13:00:00,3,-0.8000000000000682,0
26.9,0.0,75.0,1006.8,14,2026-03-31 14:00:00,3,-0.6000000000000227,0
25.3,0.0,79.0,1005.8,15,2026-03-31 15:00:00,3,-1.1000000000000227,0
24.7,0.0,80.0,1005.8,16,2026-03-31 16:00:00,3,-1.0,0
24.5,0.0,81.0,1005.9,17,2026-03-31 17:00:00,3,-0.8999999999999773,0
24.1,0.0,83.0,1006.5,18,2026-03-31 18:00:00,3,0.7000000000000455,0
23.7,0.0,84.0,1006.4,19,2026-03-31 19:00:00,3,0.6000000000000227,0
23.6,0.0,86.0,1006.6,20,2026-03-31 20:00:00,3,0.7000000000000455,0
23.8,0.0,85.0,1006.6,21,2026-03-31 21:00:00,3,0.10000000000002274,0
23.5,0.0,88.0,1007.9,22,2026-03-31 22:00:00,3,1.5,0
23.1,0.0,90.0,1008.7,23,2026-03-31 23:00:00,3,2.1000000000000227,0
19.7,0.0,89.9875173370319,1013.4,0,2026-04-01 00:00:00,4,6.7999999999999545,0
21.8,0.0,89.9750346740638,1008.3,1,2026-04-01 01:00:00,4,0.39999999999997726,0
21.9,0.05,89.9625520110957,1006.6,2,2026-04-01 02:00:00,4,-2.1000000000000227,0
22.1,0.0,81.0,1010.3,0,2026-05-01 00:00:00,5,-3.2000000000000455,0
19.0,0.0,86.0,1012.6,1,2026-05-01 01:00:00,5,-0.8999999999999773,0
19.0,0.0,87.0,1012.2,2,2026-05-01 02:00:00,5,-1.1999999999999318,0
19.0,0.0,84.0,1011.9,3,2026-05-01 03:00:00,5,1.6000000000000227,0
18.8,0.0,83.0,1012.0,4,2026-05-01 04:00:00,5,-0.6000000000000227,0
18.7,0.0,84.0,1011.9,5,2026-05-01 05:00:00,5,-0.3000000000000682,0
18.8,0.0,82.0,1012.2,6,2026-05-01 06:00:00,5,0.3000000000000682,0
19.5,0.0,78.0,1012.8,7,2026-05-01 07:00:00,5,0.7999999999999545,0
20.4,0.0,76.0,1012.9,8,2026-05-01 08:00:00,5,1.0,0
21.0,0.0,71.0,1013.0,9,2026-05-01 09:00:00,5,0.7999999999999545,0
22.5,0.0,69.0,1012.9,10,2026-05-01 10:00:00,5,0.10000000000002274,0
23.8,0.0,67.0,1012.5,11,2026-05-01 11:00:00,5,-0.39999999999997726,0
24.2,0.0,70.0,1011.9,12,2026-05-01 12:00:00,5,-1.1000000000000227,0
24.7,0.0,65.0,1011.2,13,2026-05-01 13:00:00,5,-1.6999999999999318,0
24.7,0.0,67.0,1010.4,14,2026-05-01 14:00:00,5,-2.1000000000000227,0
24.4,0.0,67.0,1010.1,15,2026-05-01 15:00:00,5,-1.7999999999999545,0
24.0,0.0,68.0,1009.5,16,2026-05-01 16:00:00,5,-1.7000000000000455,0
23.6,0.0,70.0,1009.4,17,2026-05-01 17:00:00,5,-1.0,0
23.3,0.0,73.0,1009.7,18,2026-05-01 18:00:00,5,-0.39999999999997726,0
22.3,0.0,75.0,1009.7,19,2026-05-01 19:00:00,5,0.20000000000004547,0
22.2,0.0,77.0,1010.2,20,2026-05-01 20:00:00,5,0.8000000000000682,0
22.1,0.0,78.0,1010.5,21,2026-05-01 21:00:00,5,0.7999999999999545,0
22.1,0.0,78.0,1010.8,22,2026-05-01 22:00:00,5,1.099999999999909,0
22.3,0.0,78.0,1010.8,23,2026-05-01 23:00:00,5,0.599999999999909,0
23.6,0.0,84.0,1007.3,0,2026-05-02 00:00:00,5,-3.2000000000000455,0
22.1,0.0,83.0,1009.9,1,2026-05-02 01:00:00,5,-0.8999999999999773,0
22.3,0.0,84.0,1009.3,2,2026-05-02 02:00:00,5,-1.5,0
22.4,0.0,85.0,1009.1,3,2026-05-02 03:00:00,5,1.8000000000000682,0
22.5,0.0,88.0,1009.1,4,2026-05-02 04:00:00,5,-0.7999999999999545,0
22.5,0.0,89.0,1009.1,5,2026-05-02 05:00:00,5,-0.1999999999999318,0
22.8,0.0,89.0,1009.5,6,2026-05-02 06:00:00,5,0.39999999999997726,0
23.5,0.0,84.0,1010.1,7,2026-05-02 07:00:00,5,1.0,0
23.8,0.0,85.0,1010.3,8,2026-05-02 08:00:00,5,1.1999999999999318,0
24.9,0.0,83.0,1010.2,9,2026-05-02 09:00:00,5,0.7000000000000455,0
26.6,0.0,76.0,1009.7,10,2026-05-02 10:00:00,5,-0.39999999999997726,0
27.0,0.0,76.0,1009.3,11,2026-05-02 11:00:00,5,-1.0,0
27.5,0.0,70.0,1009.0,12,2026-05-02 12:00:00,5,-1.2000000000000455,0
26.0,0.0,77.0,1008.7,13,2026-05-02 13:00:00,5,-1.0,0
25.9,0.0,73.0,1007.9,14,2026-05-02 14:00:00,5,-1.3999999999999773,0
26.8,0.0,68.0,1007.2,15,2026-05-02 15:00:00,5,-1.7999999999999545,0
27.0,0.0,66.0,1006.6,16,2026-05-02 16:00:00,5,-2.1000000000000227,0
26.4,0.0,68.0,1006.4,17,2026-05-02 17:00:00,5,-1.5,0
26.2,0.0,69.0,1006.4,18,2026-05-02 18:00:00,5,-0.8000000000000682,0
25.7,0.0,71.0,1006.8,19,2026-05-02 19:00:00,5,0.1999999999999318,0
25.1,0.0,74.0,1007.6,20,2026-05-02 20:00:00,5,1.2000000000000455,0
25.0,0.0,75.0,1007.9,21,2026-05-02 21:00:00,5,1.5,0
24.2,0.0,85.0,1008.2,22,2026-05-02 22:00:00,5,1.400000000000091,0
24.1,0.0,85.0,1008.1,23,2026-05-02 23:00:00,5,0.5,0
24.4,0.0,84.0,1010.1,0,2026-05-03 00:00:00,5,2.2000000000000455,0
23.0,0.0,89.0,1006.8,1,2026-05-03 01:00:00,5,-1.400000000000091,0
22.8,0.0,89.0,1006.2,2,2026-05-03 02:00:00,5,-1.8999999999999773,0
22.7,0.0,88.0,1005.7,3,2026-05-03 03:00:00,5,-4.399999999999977,0
22.5,0.0,90.0,1005.3,4,2026-05-03 04:00:00,5,-1.5,0
22.6,0.0,88.0,1004.9,5,2026-05-03 05:00:00,5,-1.3000000000000682,0
23.0,0.0,87.0,1005.3,6,2026-05-03 06:00:00,5,-0.40000000000009095,0
26.3,0.0,78.0,1005.8,7,2026-05-03 07:00:00,5,0.5,0
28.1,0.0,74.0,1006.2,8,2026-05-03 08:00:00,5,1.3000000000000682,0
29.1,0.0,72.0,1006.7,9,2026-05-03 09:00:00,5,1.400000000000091,0
29.7,0.0,71.0,1006.4,10,2026-05-03 10:00:00,5,0.6000000000000227,0
29.8,0.0,72.0,1006.6,11,2026-05-03 11:00:00,5,0.39999999999997726,0
29.1,0.0,77.0,1006.8,12,2026-05-03 12:00:00,5,0.09999999999990905,0
28.3,0.0,84.0,1006.8,13,2026-05-03 13:00:00,5,0.39999999999997726,0
28.2,0.0,82.0,1006.3,14,2026-05-03 14:00:00,5,-0.3000000000000682,0
27.2,0.0,86.0,1006.2,15,2026-05-03 15:00:00,5,-0.599999999999909,0
27.8,0.0,79.0,1005.5,16,2026-05-03 16:00:00,5,-1.2999999999999545,0
27.9,0.0,81.0,1005.7,17,2026-05-03 17:00:00,5,-0.599999999999909,0
26.7,0.0,85.0,1006.8,18,2026-05-03 18:00:00,5,0.599999999999909,0
26.2,0.0,91.0,1007.5,19,2026-05-03 19:00:00,5,2.0,0
25.9,0.0,91.0,1008.5,20,2026-05-03 20:00:00,5,2.7999999999999545,0
25.7,0.0,88.0,1008.7,21,2026-05-03 21:00:00,5,1.900000000000091,0
25.7,0.0,83.0,1009.3,22,2026-05-03 22:00:00,5,1.7999999999999545,0
25.1,0.0,86.0,1009.9,23,2026-05-03 23:00:00,5,1.3999999999999773,0
18.2,0.05,83.0,1011.5,0,2026-05-04 00:00:00,5,2.7999999999999545,0
23.3,0.0,76.0,1010.3,1,2026-05-04 01:00:00,5,1.0,0
22.5,0.0,78.0,1010.5,2,2026-05-04 02:00:00,5,0.6000000000000227,0
22.1,0.0,77.0,1010.7,3,2026-05-04 03:00:00,5,-0.7999999999999545,0
22.1,0.0,73.0,1011.3,4,2026-05-04 04:00:00,5,1.0,0
21.6,0.05,74.0,1011.9,5,2026-05-04 05:00:00,5,1.3999999999999773,0
20.9,0.5,80.0,1012.7,6,2026-05-04 06:00:00,5,2.0,0
21.1,0.0,75.0,1012.9,7,2026-05-04 07:00:00,5,1.6000000000000227,0
21.0,0.0,75.0,1013.6,8,2026-05-04 08:00:00,5,1.7000000000000455,0
21.0,0.05,73.0,1014.4,9,2026-05-04 09:00:00,5,1.6999999999999318,0
22.5,0.05,60.0,1013.6,10,2026-05-04 10:00:00,5,0.7000000000000455,0
23.3,0.0,54.0,1012.8,11,2026-05-04 11:00:00,5,-0.8000000000000682,0
25.0,0.0,56.0,1012.4,12,2026-05-04 12:00:00,5,-2.0,0
25.2,0.0,53.0,1011.5,13,2026-05-04 13:00:00,5,-2.1000000000000227,0
24.2,0.0,56.0,1011.1,14,2026-05-04 14:00:00,5,-1.6999999999999318,0
23.7,0.0,60.0,1010.9,15,2026-05-04 15:00:00,5,-1.5,0
22.8,0.0,65.0,1010.8,16,2026-05-04 16:00:00,5,-0.7000000000000455,0
21.7,0.05,68.0,1011.1,17,2026-05-04 17:00:00,5,0.0,0
19.4,0.05,70.0,1012.3,18,2026-05-04 18:00:00,5,1.3999999999999773,0
17.3,2.0,83.0,1013.0,19,2026-05-04 19:00:00,5,2.2000000000000455,1
17.1,0.5,82.0,1013.2,20,2026-05-04 20:00:00,5,2.1000000000000227,0
17.5,0.5,82.0,1012.8,21,2026-05-04 21:00:00,5,0.5,0
17.8,0.05,83.0,1012.6,22,2026-05-04 22:00:00,5,-0.39999999999997726,0
18.0,0.05,83.0,1011.9,23,2026-05-04 23:00:00,5,-1.3000000000000682,0
20.6,0.5,97.0,1010.4,0,2026-05-05 00:00:00,5,-2.3999999999999773,0
18.3,0.05,84.0,1010.9,1,2026-05-05 01:00:00,5,-1.7000000000000455,0
18.6,0.05,85.0,1010.2,2,2026-05-05 02:00:00,5,-1.6999999999999318,0
18.7,0.05,86.0,1009.9,3,2026-05-05 03:00:00,5,-0.5,0
18.6,0.5,90.0,1010.2,4,2026-05-05 04:00:00,5,-0.6999999999999318,0
18.5,1.0,93.0,1010.6,5,2026-05-05 05:00:00,5,0.39999999999997726,1
18.4,3.0,95.0,1011.2,6,2026-05-05 06:00:00,5,1.3000000000000682,1
18.6,2.0,96.0,1011.5,7,2026-05-05 07:00:00,5,1.2999999999999545,1
19.0,1.5,96.0,1011.9,8,2026-05-05 08:00:00,5,1.2999999999999545,1
19.3,2.0,96.0,1012.2,9,2026-05-05 09:00:00,5,1.0,1
20.1,0.05,93.0,1012.0,10,2026-05-05 10:00:00,5,0.5,0
20.8,0.5,93.0,1012.0,11,2026-05-05 11:00:00,5,0.10000000000002274,0
21.2,0.05,94.0,1011.5,12,2026-05-05 12:00:00,5,-0.7000000000000455,0
21.2,0.05,93.0,1011.1,13,2026-05-05 13:00:00,5,-0.8999999999999773,0
21.2,0.05,92.0,1010.6,14,2026-05-05 14:00:00,5,-1.3999999999999773,0
21.2,0.05,93.0,1009.9,15,2026-05-05 15:00:00,5,-1.6000000000000227,0
21.1,1.5,94.0,1009.9,16,2026-05-05 16:00:00,5,-1.2000000000000455,1
21.0,2.0,96.0,1010.1,17,2026-05-05 17:00:00,5,-0.5,1
20.9,2.0,97.0,1010.2,18,2026-05-05 18:00:00,5,0.3000000000000682,1
20.8,1.0,98.0,1010.2,19,2026-05-05 19:00:00,5,0.3000000000000682,1
21.0,5.5,98.0,1011.2,20,2026-05-05 20:00:00,5,1.1000000000000227,1
20.8,3.0,97.0,1011.1,21,2026-05-05 21:00:00,5,0.8999999999999773,1
20.7,0.5,97.0,1010.8,22,2026-05-05 22:00:00,5,0.599999999999909,0
20.8,0.5,98.0,1011.4,23,2026-05-05 23:00:00,5,0.1999999999999318,0
21.9,0.0,92.0,1009.0,0,2026-05-06 00:00:00,5,-2.1000000000000227,0
20.5,0.05,98.0,1009.6,1,2026-05-06 01:00:00,5,-1.1999999999999318,0
20.4,1.0,98.0,1009.1,2,2026-05-06 02:00:00,5,-2.2999999999999545,1
20.3,2.5,99.0,1009.3,3,2026-05-06 03:00:00,5,0.2999999999999545,1
20.4,1.0,99.0,1009.3,4,2026-05-06 04:00:00,5,-0.3000000000000682,1
20.4,1.0,99.0,1010.0,5,2026-05-06 05:00:00,5,0.8999999999999773,1
20.6,0.05,99.0,1010.7,6,2026-05-06 06:00:00,5,1.400000000000091,0
21.2,0.0,98.0,1011.0,7,2026-05-06 07:00:00,5,1.7000000000000455,0
22.3,0.0,95.0,1011.0,8,2026-05-06 08:00:00,5,1.0,0
23.1,0.0,89.0,1011.1,9,2026-05-06 09:00:00,5,0.39999999999997726,0
24.5,0.0,84.0,1010.9,10,2026-05-06 10:00:00,5,-0.10000000000002274,0
24.3,0.0,85.0,1010.7,11,2026-05-06 11:00:00,5,-0.2999999999999545,0
25.2,0.0,78.0,1010.2,12,2026-05-06 12:00:00,5,-0.8999999999999773,0
27.1,0.0,73.0,1009.6,13,2026-05-06 13:00:00,5,-1.2999999999999545,0
26.0,0.0,76.0,1009.1,14,2026-05-06 14:00:00,5,-1.6000000000000227,0
25.5,0.0,75.0,1008.9,15,2026-05-06 15:00:00,5,-1.3000000000000682,0
26.0,0.0,74.0,1008.5,16,2026-05-06 16:00:00,5,-1.1000000000000227,0
25.2,0.0,76.0,1008.3,17,2026-05-06 17:00:00,5,-0.8000000000000682,0
24.5,0.0,81.0,1008.3,18,2026-05-06 18:00:00,5,-0.6000000000000227,0
23.8,0.0,86.0,1008.4,19,2026-05-06 19:00:00,5,-0.10000000000002274,0
23.6,0.0,84.0,1009.0,20,2026-05-06 20:00:00,5,0.7000000000000455,0
23.0,0.0,87.0,1009.2,21,2026-05-06 21:00:00,5,0.900000000000091,0
22.6,0.0,89.0,1009.5,22,2026-05-06 22:00:00,5,1.1000000000000227,0
22.4,0.0,90.0,1009.3,23,2026-05-06 23:00:00,5,0.2999999999999545,0
24.4,0.0,87.0,1008.6,0,2026-05-07 00:00:00,5,-0.6000000000000227,0
21.7,0.0,93.0,1008.5,1,2026-05-07 01:00:00,5,-1.0,0
21.3,0.0,93.0,1008.3,2,2026-05-07 02:00:00,5,-1.0,0
21.0,0.0,95.0,1008.3,3,2026-05-07 03:00:00,5,-0.3000000000000682,0
20.9,0.0,94.0,1008.5,4,2026-05-07 04:00:00,5,0.0,0
20.9,0.0,94.0,1008.8,5,2026-05-07 05:00:00,5,0.5,0
21.3,0.0,92.0,1009.5,6,2026-05-07 06:00:00,5,1.2000000000000455,0
22.3,0.0,89.0,1010.2,7,2026-05-07 07:00:00,5,1.7000000000000455,0
23.5,0.0,86.0,1010.2,8,2026-05-07 08:00:00,5,1.400000000000091,0
25.3,0.0,82.0,1010.2,9,2026-05-07 09:00:00,5,0.7000000000000455,0
26.4,0.0,75.0,1009.7,10,2026-05-07 10:00:00,5,-0.5,0
27.6,0.0,77.0,1009.2,11,2026-05-07 11:00:00,5,-1.0,0
27.4,0.0,78.0,1008.6,12,2026-05-07 12:00:00,5,-1.6000000000000227,0
28.0,0.0,74.0,1007.9,13,2026-05-07 13:00:00,5,-1.8000000000000682,0
27.9,0.0,75.0,1007.1,14,2026-05-07 14:00:00,5,-2.1000000000000227,0
28.4,0.0,73.0,1006.8,15,2026-05-07 15:00:00,5,-1.8000000000000682,0
28.3,0.0,74.0,1006.9,16,2026-05-07 16:00:00,5,-1.0,0
26.0,0.0,81.0,1007.2,17,2026-05-07 17:00:00,5,0.10000000000002274,0
25.7,0.0,82.0,1007.6,18,2026-05-07 18:00:00,5,0.8000000000000682,0
25.5,0.0,85.0,1008.0,19,2026-05-07 19:00:00,5,1.1000000000000227,0
25.7,0.0,83.0,1008.4,20,2026-05-07 20:00:00,5,1.1999999999999318,0
25.2,0.0,88.0,1008.7,21,2026-05-07 21:00:00,5,1.1000000000000227,0
25.3,0.0,86.0,1009.0,22,2026-05-07 22:00:00,5,1.0,0
24.9,0.0,86.0,1009.0,23,2026-05-07 23:00:00,5,0.6000000000000227,0
20.6,0.0,85.0,1012.2,0,2026-05-08 00:00:00,5,3.5,0
24.1,0.0,90.0,1008.4,1,2026-05-08 01:00:00,5,-0.6000000000000227,0
24.1,0.0,89.0,1008.4,2,2026-05-08 02:00:00,5,-0.6000000000000227,0
23.9,0.0,88.0,1008.4,3,2026-05-08 03:00:00,5,-3.800000000000068,0
23.5,0.0,86.0,1008.7,4,2026-05-08 04:00:00,5,0.3000000000000682,0
23.5,0.0,89.0,1009.2,5,2026-05-08 05:00:00,5,0.8000000000000682,0
23.8,0.0,89.0,1009.8,6,2026-05-08 06:00:00,5,1.3999999999999773,0
24.5,0.0,88.0,1010.2,7,2026-05-08 07:00:00,5,1.5,0
25.5,0.0,86.0,1010.6,8,2026-05-08 08:00:00,5,1.3999999999999773,0
26.3,0.0,80.0,1011.1,9,2026-05-08 09:00:00,5,1.3000000000000682,0
27.0,0.0,76.0,1011.1,10,2026-05-08 10:00:00,5,0.8999999999999773,0
25.3,0.0,81.0,1011.2,11,2026-05-08 11:00:00,5,0.6000000000000227,0
25.7,0.0,76.0,1010.7,12,2026-05-08 12:00:00,5,-0.39999999999997726,0
26.4,0.0,74.0,1010.3,13,2026-05-08 13:00:00,5,-0.8000000000000682,0
25.7,0.0,75.0,1009.8,14,2026-05-08 14:00:00,5,-1.400000000000091,0
24.6,0.0,77.0,1009.8,15,2026-05-08 15:00:00,5,-0.900000000000091,0
23.8,0.0,80.0,1009.8,16,2026-05-08 16:00:00,5,-0.5,0
22.9,0.0,82.0,1010.3,17,2026-05-08 17:00:00,5,0.5,0
22.1,0.0,83.0,1010.6,18,2026-05-08 18:00:00,5,0.8000000000000682,0
21.7,0.0,83.0,1011.4,19,2026-05-08 19:00:00,5,1.6000000000000227,0
21.5,0.0,83.0,1011.4,20,2026-05-08 20:00:00,5,1.1000000000000227,0
21.1,0.0,82.0,1011.9,21,2026-05-08 21:00:00,5,1.2999999999999545,0
20.9,0.0,84.0,1012.2,22,2026-05-08 22:00:00,5,0.8000000000000682,0
20.7,0.0,85.0,1012.3,23,2026-05-08 23:00:00,5,0.8999999999999773,0
21.8,0.0,83.0,1010.7,0,2026-05-09 00:00:00,5,-1.1999999999999318,0
20.7,0.0,85.0,1011.8,1,2026-05-09 01:00:00,5,-0.40000000000009095,0
20.6,0.0,84.0,1011.5,2,2026-05-09 02:00:00,5,-0.7999999999999545,0
20.4,0.0,85.0,1011.1,3,2026-05-09 03:00:00,5,0.39999999999997726,0
20.4,0.0,83.0,1011.6,4,2026-05-09 04:00:00,5,-0.1999999999999318,0
20.3,0.0,82.0,1012.0,5,2026-05-09 05:00:00,5,0.5,0
20.1,0.05,84.0,1012.7,6,2026-05-09 06:00:00,5,1.6000000000000227,0
19.9,0.05,89.0,1012.9,7,2026-05-09 07:00:00,5,1.2999999999999545,0
20.2,0.0,87.0,1013.3,8,2026-05-09 08:00:00,5,1.2999999999999545,0
20.7,0.0,84.0,1013.5,9,2026-05-09 09:00:00,5,0.7999999999999545,0
21.0,0.0,80.0,1013.6,10,2026-05-09 10:00:00,5,0.7000000000000455,0
22.4,0.0,77.0,1012.9,11,2026-05-09 11:00:00,5,-0.39999999999997726,0
22.7,0.0,73.0,1012.4,12,2026-05-09 12:00:00,5,-1.1000000000000227,0
23.7,0.0,70.0,1011.6,13,2026-05-09 13:00:00,5,-2.0,0
23.5,0.0,71.0,1011.1,14,2026-05-09 14:00:00,5,-1.7999999999999545,0
22.5,0.0,74.0,1010.9,15,2026-05-09 15:00:00,5,-1.5,0
21.8,0.0,77.0,1010.9,16,2026-05-09 16:00:00,5,-0.7000000000000455,0
21.3,0.05,84.0,1010.9,17,2026-05-09 17:00:00,5,-0.20000000000004547,0
21.3,0.5,82.0,1010.8,18,2026-05-09 18:00:00,5,-0.10000000000002274,0
21.6,0.0,80.0,1010.7,19,2026-05-09 19:00:00,5,-0.1999999999999318,0
21.7,0.0,80.0,1010.8,20,2026-05-09 20:00:00,5,-0.10000000000002274,0
21.7,0.0,81.0,1011.0,21,2026-05-09 21:00:00,5,0.20000000000004547,0
21.7,0.0,82.0,1011.1,22,2026-05-09 22:00:00,5,0.39999999999997726,0
21.8,0.0,83.0,1010.9,23,2026-05-09 23:00:00,5,0.10000000000002274,0
23.0,0.0,94.0,1009.6,0,2026-05-10 00:00:00,5,-1.3999999999999773,0
20.9,0.5,90.0,1010.0,1,2026-05-10 01:00:00,5,-1.1000000000000227,0
20.8,0.05,94.0,1009.6,2,2026-05-10 02:00:00,5,-1.2999999999999545,0
21.2,0.0,90.0,1009.7,3,2026-05-10 03:00:00,5,0.10000000000002274,0
21.0,0.0,93.0,1009.7,4,2026-05-10 04:00:00,5,-0.2999999999999545,0
21.0,0.5,94.0,1009.9,5,2026-05-10 05:00:00,5,0.2999999999999545,0
21.1,0.0,95.0,1009.9,6,2026-05-10 06:00:00,5,0.1999999999999318,0
22.0,0.0,90.0,1010.2,7,2026-05-10 07:00:00,5,0.5,0
22.5,0.0,91.0,1010.9,8,2026-05-10 08:00:00,5,1.0,0
23.3,0.0,87.0,1011.1,9,2026-05-10 09:00:00,5,1.2000000000000455,0
25.1,0.0,81.0,1010.7,10,2026-05-10 10:00:00,5,0.5,0
25.5,0.0,80.0,1010.7,11,2026-05-10 11:00:00,5,-0.1999999999999318,0
25.0,0.0,83.0,1010.7,12,2026-05-10 12:00:00,5,-0.39999999999997726,0
24.1,0.0,87.0,1010.2,13,2026-05-10 13:00:00,5,-0.5,0
24.0,0.0,88.0,1009.5,14,2026-05-10 14:00:00,5,-1.2000000000000455,0
23.5,0.0,89.0,1009.3,15,2026-05-10 15:00:00,5,-1.400000000000091,0
23.0,0.0,93.0,1009.1,16,2026-05-10 16:00:00,5,-1.1000000000000227,0
23.3,0.0,91.0,1009.5,17,2026-05-10 17:00:00,5,0.0,0
23.3,0.0,91.0,1009.7,18,2026-05-10 18:00:00,5,0.40000000000009095,0
23.2,0.0,92.0,1009.7,19,2026-05-10 19:00:00,5,0.6000000000000227,0
23.0,0.0,93.0,1010.2,20,2026-05-10 20:00:00,5,0.7000000000000455,0
22.9,0.0,94.0,1010.0,21,2026-05-10 21:00:00,5,0.2999999999999545,0
23.0,0.0,93.0,1010.4,22,2026-05-10 22:00:00,5,0.6999999999999318,0
22.8,0.0,95.0,1010.2,23,2026-05-10 23:00:00,5,0.0,0
23.2,0.0,87.0,1006.1,0,2026-05-11 00:00:00,5,-3.8999999999999773,0
23.0,0.0,93.0,1008.5,1,2026-05-11 01:00:00,5,-1.8999999999999773,0
22.9,0.0,93.0,1008.1,2,2026-05-11 02:00:00,5,-2.1000000000000227,0
22.8,0.0,94.0,1007.8,3,2026-05-11 03:00:00,5,1.6999999999999318,0
23.0,0.0,94.0,1008.0,4,2026-05-11 04:00:00,5,-0.5,0
23.1,0.05,94.0,1008.5,5,2026-05-11 05:00:00,5,0.39999999999997726,0
22.9,0.05,91.0,1008.8,6,2026-05-11 06:00:00,5,1.0,0
23.1,0.0,90.0,1009.4,7,2026-05-11 07:00:00,5,1.3999999999999773,0
23.6,0.0,89.0,1009.8,8,2026-05-11 08:00:00,5,1.2999999999999545,0
24.0,0.0,88.0,1009.5,9,2026-05-11 09:00:00,5,0.7000000000000455,0
25.1,0.0,82.0,1009.6,10,2026-05-11 10:00:00,5,0.20000000000004547,0
25.7,0.0,80.0,1009.4,11,2026-05-11 11:00:00,5,-0.39999999999997726,0
26.7,0.0,75.0,1009.0,12,2026-05-11 12:00:00,5,-0.5,0
27.5,0.0,72.0,1008.3,13,2026-05-11 13:00:00,5,-1.3000000000000682,0
27.3,0.0,76.0,1007.8,14,2026-05-11 14:00:00,5,-1.6000000000000227,0
27.3,0.0,68.0,1007.0,15,2026-05-11 15:00:00,5,-2.0,0
27.4,0.0,68.0,1006.8,16,2026-05-11 16:00:00,5,-1.5,0
26.2,0.0,77.0,1006.6,17,2026-05-11 17:00:00,5,-1.1999999999999318,0
26.1,0.0,78.0,1006.6,18,2026-05-11 18:00:00,5,-0.39999999999997726,0
25.6,0.0,79.0,1006.9,19,2026-05-11 19:00:00,5,0.10000000000002274,0
25.1,0.0,81.0,1007.1,20,2026-05-11 20:00:00,5,0.5,0
24.5,0.0,84.0,1007.3,21,2026-05-11 21:00:00,5,0.6999999999999318,0
23.9,0.0,86.0,1007.1,22,2026-05-11 22:00:00,5,0.20000000000004547,0
23.3,0.0,89.0,1006.5,23,2026-05-11 23:00:00,5,-0.6000000000000227,0
24.5,0.0,77.0,1004.4,0,2026-05-12 00:00:00,5,-2.8999999999999773,0
23.1,0.0,87.0,1005.8,1,2026-05-12 01:00:00,5,-1.3000000000000682,0
23.0,0.0,89.0,1005.5,2,2026-05-12 02:00:00,5,-1.0,0
23.2,0.0,88.0,1005.6,3,2026-05-12 03:00:00,5,1.2000000000000455,0
23.0,0.0,88.0,1005.8,4,2026-05-12 04:00:00,5,0.0,0
22.9,0.0,89.0,1006.2,5,2026-05-12 05:00:00,5,0.7000000000000455,0
23.1,0.0,89.0,1006.4,6,2026-05-12 06:00:00,5,0.7999999999999545,0
23.6,0.0,86.0,1007.0,7,2026-05-12 07:00:00,5,1.2000000000000455,0
24.7,0.0,82.0,1007.0,8,2026-05-12 08:00:00,5,0.7999999999999545,0
26.0,0.0,77.0,1007.1,9,2026-05-12 09:00:00,5,0.7000000000000455,0
27.2,0.0,68.0,1006.5,10,2026-05-12 10:00:00,5,-0.5,0
28.6,0.0,67.0,1006.1,11,2026-05-12 11:00:00,5,-0.8999999999999773,0
28.5,0.0,73.0,1005.5,12,2026-05-12 12:00:00,5,-1.6000000000000227,0
29.0,0.0,67.0,1004.6,13,2026-05-12 13:00:00,5,-1.8999999999999773,0
29.2,0.0,62.0,1004.1,14,2026-05-12 14:00:00,5,-2.0,0
28.4,0.0,66.0,1003.5,15,2026-05-12 15:00:00,5,-2.0,0
28.2,0.0,67.0,1003.4,16,2026-05-12 16:00:00,5,-1.2000000000000455,0
27.7,0.0,69.0,1003.7,17,2026-05-12 17:00:00,5,-0.39999999999997726,0
26.4,0.0,69.0,1003.9,18,2026-05-12 18:00:00,5,0.39999999999997726,0
25.9,0.0,71.0,1003.8,19,2026-05-12 19:00:00,5,0.39999999999997726,0
25.1,0.0,75.0,1004.6,20,2026-05-12 20:00:00,5,0.8999999999999773,0
24.7,0.0,76.0,1005.4,21,2026-05-12 21:00:00,5,1.5,0
25.3,0.0,72.0,1005.6,22,2026-05-12 22:00:00,5,1.8000000000000682,0
24.9,0.0,73.0,1004.8,23,2026-05-12 23:00:00,5,0.1999999999999318,0
22.8,0.0,89.0,1003.4,0,2026-05-13 00:00:00,5,-2.0,0
24.4,0.0,80.0,1004.0,1,2026-05-13 01:00:00,5,-1.6000000000000227,0
24.4,0.0,81.0,1003.8,2,2026-05-13 02:00:00,5,-1.0,0
24.2,0.0,80.0,1003.8,3,2026-05-13 03:00:00,5,0.39999999999997726,0
24.1,0.0,81.0,1004.0,4,2026-05-13 04:00:00,5,0.0,0
23.9,0.0,83.0,1004.4,5,2026-05-13 05:00:00,5,0.6000000000000227,0
23.7,0.0,85.0,1004.7,6,2026-05-13 06:00:00,5,0.900000000000091,0
24.5,0.0,82.0,1004.9,7,2026-05-13 07:00:00,5,0.8999999999999773,0
25.4,0.0,77.0,1005.3,8,2026-05-13 08:00:00,5,0.8999999999999773,0
26.4,0.0,75.0,1005.8,9,2026-05-13 09:00:00,5,1.099999999999909,0
26.8,0.0,74.0,1006.0,10,2026-05-13 10:00:00,5,1.1000000000000227,0
27.0,0.0,77.0,1006.2,11,2026-05-13 11:00:00,5,0.900000000000091,0
26.5,0.05,78.0,1005.6,12,2026-05-13 12:00:00,5,-0.1999999999999318,0
26.1,0.0,80.0,1004.8,13,2026-05-13 13:00:00,5,-1.2000000000000455,0
26.0,0.0,82.0,1004.3,14,2026-05-13 14:00:00,5,-1.900000000000091,0
24.7,0.05,88.0,1004.4,15,2026-05-13 15:00:00,5,-1.2000000000000455,0
23.4,3.5,92.0,1004.5,16,2026-05-13 16:00:00,5,-0.2999999999999545,1
21.9,0.5,91.0,1004.6,17,2026-05-13 17:00:00,5,0.3000000000000682,0
22.1,2.0,95.0,1003.4,18,2026-05-13 18:00:00,5,-1.0,1
22.5,0.05,92.0,1004.0,19,2026-05-13 19:00:00,5,-0.5,0
22.8,0.05,92.0,1004.2,20,2026-05-13 20:00:00,5,-0.39999999999997726,0
22.7,0.0,91.0,1004.5,21,2026-05-13 21:00:00,5,1.1000000000000227,0
22.6,0.0,93.0,1005.3,22,2026-05-13 22:00:00,5,1.2999999999999545,0
22.6,0.05,91.0,1004.6,23,2026-05-13 23:00:00,5,0.39999999999997726,0
22.7,0.0,96.0,1006.3,0,2026-05-14 00:00:00,5,1.7999999999999545,0
23.0,0.0,88.0,1002.6,1,2026-05-14 01:00:00,5,-2.699999999999932,0
22.6,0.05,93.0,1003.1,2,2026-05-14 02:00:00,5,-1.5,0
22.3,2.5,96.0,1003.4,3,2026-05-14 03:00:00,5,-2.8999999999999773,1
22.5,0.05,93.0,1003.4,4,2026-05-14 04:00:00,5,0.7999999999999545,0
22.4,0.5,95.0,1003.9,5,2026-05-14 05:00:00,5,0.7999999999999545,0
22.5,0.5,94.0,1004.0,6,2026-05-14 06:00:00,5,0.6000000000000227,0
23.1,0.0,94.0,1004.6,7,2026-05-14 07:00:00,5,1.2000000000000455,0
23.7,0.05,94.0,1005.0,8,2026-05-14 08:00:00,5,1.1000000000000227,0
23.5,2.0,97.0,1006.4,9,2026-05-14 09:00:00,5,2.3999999999999773,1
23.1,2.5,97.0,1006.8,10,2026-05-14 10:00:00,5,2.199999999999932,1
22.9,3.0,94.0,1006.7,11,2026-05-14 11:00:00,5,1.7000000000000455,1
23.1,2.0,90.0,1006.0,12,2026-05-14 12:00:00,5,-0.39999999999997726,1
23.5,0.05,89.0,1004.5,13,2026-05-14 13:00:00,5,-2.2999999999999545,0
24.3,0.5,88.0,1003.5,14,2026-05-14 14:00:00,5,-3.2000000000000455,0
24.6,0.05,84.0,1003.7,15,2026-05-14 15:00:00,5,-2.2999999999999545,0
24.8,0.05,85.0,1004.0,16,2026-05-14 16:00:00,5,-0.5,0
24.7,0.0,84.0,1004.4,17,2026-05-14 17:00:00,5,0.8999999999999773,0
24.0,0.0,89.0,1005.5,18,2026-05-14 18:00:00,5,1.7999999999999545,0
23.8,0.0,91.0,1006.2,19,2026-05-14 19:00:00,5,2.2000000000000455,0
23.0,1.5,96.0,1006.8,20,2026-05-14 20:00:00,5,2.3999999999999773,1
22.7,5.5,98.0,1007.4,21,2026-05-14 21:00:00,5,1.8999999999999773,1
22.8,0.0,96.0,1007.5,22,2026-05-14 22:00:00,5,1.2999999999999545,0
22.5,0.0,98.0,1006.8,23,2026-05-14 23:00:00,5,0.0,0
24.6,0.0,69.0,1006.8,0,2026-05-15 00:00:00,5,-0.6000000000000227,0
22.6,0.0,98.0,1006.2,1,2026-05-15 01:00:00,5,-1.2999999999999545,0
22.6,0.0,97.0,1006.2,2,2026-05-15 02:00:00,5,-0.599999999999909,0
22.3,0.0,99.0,1005.9,3,2026-05-15 03:00:00,5,-0.8999999999999773,0
22.7,0.0,95.0,1006.1,4,2026-05-15 04:00:00,5,-0.10000000000002274,0
22.7,0.0,95.0,1006.4,5,2026-05-15 05:00:00,5,0.1999999999999318,0
22.8,0.0,95.0,1006.9,6,2026-05-15 06:00:00,5,1.0,0
23.7,0.0,91.0,1007.4,7,2026-05-15 07:00:00,5,1.2999999999999545,0
25.0,0.0,86.0,1007.8,8,2026-05-15 08:00:00,5,1.3999999999999773,0
26.7,0.0,77.0,1007.9,9,2026-05-15 09:00:00,5,1.0,0
28.2,0.0,69.0,1007.7,10,2026-05-15 10:00:00,5,0.3000000000000682,0
29.6,0.0,61.0,1007.5,11,2026-05-15 11:00:00,5,-0.2999999999999545,0
30.7,0.0,59.0,1006.9,12,2026-05-15 12:00:00,5,-1.0,0
31.5,0.0,57.0,1006.0,13,2026-05-15 13:00:00,5,-1.7000000000000455,0
31.3,0.0,58.0,1005.1,14,2026-05-15 14:00:00,5,-2.3999999999999773,0
30.6,0.0,56.0,1004.6,15,2026-05-15 15:00:00,5,-2.2999999999999545,0
29.6,0.0,60.0,1004.1,16,2026-05-15 16:00:00,5,-1.8999999999999773,0
28.9,0.0,59.0,1004.1,17,2026-05-15 17:00:00,5,-1.0,0
28.0,0.0,59.0,1004.4,18,2026-05-15 18:00:00,5,-0.20000000000004547,0
26.5,0.0,63.0,1004.8,19,2026-05-15 19:00:00,5,0.6999999999999318,0
25.3,0.0,65.0,1005.5,20,2026-05-15 20:00:00,5,1.3999999999999773,0
24.8,0.0,68.0,1006.0,21,2026-05-15 21:00:00,5,1.6000000000000227,0
24.9,0.0,68.0,1006.5,22,2026-05-15 22:00:00,5,1.7000000000000455,0
24.8,0.0,68.0,1006.6,23,2026-05-15 23:00:00,5,1.1000000000000227,0
25.1,0.0,62.0,1008.3,0,2026-05-16 00:00:00,5,2.2999999999999545,0
24.4,0.0,72.0,1006.7,1,2026-05-16 01:00:00,5,0.20000000000004547,0
24.3,0.0,74.0,1006.3,2,2026-05-16 02:00:00,5,-0.3000000000000682,0
24.0,0.0,75.0,1006.5,3,2026-05-16 03:00:00,5,-1.7999999999999545,0
24.0,0.0,74.0,1006.8,4,2026-05-16 04:00:00,5,0.09999999999990905,0
23.7,0.0,76.0,1007.0,5,2026-05-16 05:00:00,5,0.7000000000000455,0
24.0,0.0,73.0,1007.2,6,2026-05-16 06:00:00,5,0.7000000000000455,0
25.4,0.0,67.0,1007.6,7,2026-05-16 07:00:00,5,0.8000000000000682,0
26.9,0.0,62.0,1007.8,8,2026-05-16 08:00:00,5,0.7999999999999545,0
28.5,0.0,55.0,1007.9,9,2026-05-16 09:00:00,5,0.6999999999999318,0
29.8,0.0,52.0,1007.9,10,2026-05-16 10:00:00,5,0.2999999999999545,0
30.9,0.0,48.0,1007.7,11,2026-05-16 11:00:00,5,-0.09999999999990905,0
31.4,0.0,48.0,1007.4,12,2026-05-16 12:00:00,5,-0.5,0
31.0,0.0,49.0,1007.1,13,2026-05-16 13:00:00,5,-0.7999999999999545,0
30.4,0.0,51.0,1006.6,14,2026-05-16 14:00:00,5,-1.1000000000000227,0
29.6,0.0,50.0,1006.2,15,2026-05-16 15:00:00,5,-1.1999999999999318,0
29.4,0.0,50.0,1005.7,16,2026-05-16 16:00:00,5,-1.3999999999999773,0
28.6,0.0,53.0,1006.0,17,2026-05-16 17:00:00,5,-0.6000000000000227,0
27.2,0.0,56.0,1006.7,18,2026-05-16 18:00:00,5,0.5,0
26.2,0.0,58.0,1007.2,19,2026-05-16 19:00:00,5,1.5,0
25.9,0.0,58.0,1008.0,20,2026-05-16 20:00:00,5,2.0,0
25.5,0.0,61.0,1008.6,21,2026-05-16 21:00:00,5,1.8999999999999773,0
25.2,0.0,63.0,1008.9,22,2026-05-16 22:00:00,5,1.6999999999999318,0
25.2,0.0,62.0,1008.7,23,2026-05-16 23:00:00,5,0.7000000000000455,0
24.6,0.0,64.0,1007.6,0,2026-05-17 00:00:00,5,-1.0,0
24.7,0.0,65.0,1008.2,1,2026-05-17 01:00:00,5,-0.6999999999999318,0
24.3,0.0,63.0,1007.9,2,2026-05-17 02:00:00,5,-0.8000000000000682,0
23.9,0.0,66.0,1007.6,3,2026-05-17 03:00:00,5,0.0,0
24.0,0.0,63.0,1007.7,4,2026-05-17 04:00:00,5,-0.5,0
23.9,0.0,65.0,1007.8,5,2026-05-17 05:00:00,5,-0.10000000000002274,0
24.1,0.0,66.0,1008.3,6,2026-05-17 06:00:00,5,0.6999999999999318,0
24.6,0.0,66.0,1008.9,7,2026-05-17 07:00:00,5,1.1999999999999318,0
26.2,0.0,63.0,1009.1,8,2026-05-17 08:00:00,5,1.3000000000000682,0
27.8,0.0,60.0,1009.1,9,2026-05-17 09:00:00,5,0.8000000000000682,0
29.1,0.0,59.0,1008.6,10,2026-05-17 10:00:00,5,-0.2999999999999545,0
30.1,0.0,55.0,1008.2,11,2026-05-17 11:00:00,5,-0.8999999999999773,0
30.8,0.0,52.0,1007.6,12,2026-05-17 12:00:00,5,-1.5,0
32.0,0.0,49.0,1006.8,13,2026-05-17 13:00:00,5,-1.8000000000000682,0
31.9,0.0,47.0,1006.1,14,2026-05-17 14:00:00,5,-2.1000000000000227,0
32.0,0.0,47.0,1005.8,15,2026-05-17 15:00:00,5,-1.8000000000000682,0
31.4,0.0,48.0,1005.5,16,2026-05-17 16:00:00,5,-1.2999999999999545,0
30.3,0.0,50.0,1005.5,17,2026-05-17 17:00:00,5,-0.6000000000000227,0
28.7,0.0,53.0,1005.9,18,2026-05-17 18:00:00,5,0.10000000000002274,0
27.4,0.0,56.0,1006.2,19,2026-05-17 19:00:00,5,0.7000000000000455,0
26.2,0.0,61.0,1006.9,20,2026-05-17 20:00:00,5,1.3999999999999773,0
25.7,0.0,60.0,1007.5,21,2026-05-17 21:00:00,5,1.6000000000000227,0
25.2,0.0,62.0,1007.7,22,2026-05-17 22:00:00,5,1.5,0
24.9,0.0,63.0,1008.0,23,2026-05-17 23:00:00,5,1.1000000000000227,0
24.9,0.0,80.0,1007.3,0,2026-05-18 00:00:00,5,-0.20000000000004547,0
24.1,0.0,66.0,1007.0,1,2026-05-18 01:00:00,5,-0.7000000000000455,0
23.9,0.0,67.0,1006.8,2,2026-05-18 02:00:00,5,-1.2000000000000455,0
24.2,0.0,66.0,1006.9,3,2026-05-18 03:00:00,5,-0.39999999999997726,0
24.3,0.0,67.0,1007.0,4,2026-05-18 04:00:00,5,0.0,0
24.3,0.0,67.0,1007.2,5,2026-05-18 05:00:00,5,0.40000000000009095,0
24.2,0.0,67.0,1007.9,6,2026-05-18 06:00:00,5,1.0,0
24.6,0.0,68.0,1008.2,7,2026-05-18 07:00:00,5,1.2000000000000455,0
25.3,0.0,65.0,1008.6,8,2026-05-18 08:00:00,5,1.3999999999999773,0
27.3,0.0,67.0,1008.4,9,2026-05-18 09:00:00,5,0.5,0
28.8,0.0,65.0,1008.6,10,2026-05-18 10:00:00,5,0.39999999999997726,0
29.3,0.0,66.0,1008.5,11,2026-05-18 11:00:00,5,-0.10000000000002274,0
29.8,0.0,66.0,1007.7,12,2026-05-18 12:00:00,5,-0.6999999999999318,0
29.6,0.0,67.0,1007.4,13,2026-05-18 13:00:00,5,-1.2000000000000455,0
30.1,0.0,63.0,1006.8,14,2026-05-18 14:00:00,5,-1.7000000000000455,0
29.0,0.0,67.0,1006.4,15,2026-05-18 15:00:00,5,-1.3000000000000682,0
28.3,0.0,66.0,1006.2,16,2026-05-18 16:00:00,5,-1.1999999999999318,0
28.2,0.0,63.0,1006.1,17,2026-05-18 17:00:00,5,-0.6999999999999318,0
27.9,0.0,59.0,1006.1,18,2026-05-18 18:00:00,5,-0.2999999999999545,0
28.0,0.0,58.0,1006.5,19,2026-05-18 19:00:00,5,0.2999999999999545,0
27.0,0.0,67.0,1007.2,20,2026-05-18 20:00:00,5,1.1000000000000227,0
25.7,0.0,76.0,1007.7,21,2026-05-18 21:00:00,5,1.6000000000000227,0
25.3,0.0,79.0,1007.9,22,2026-05-18 22:00:00,5,1.3999999999999773,0
25.0,0.0,79.0,1007.6,23,2026-05-18 23:00:00,5,0.39999999999997726,0
24.9,0.0,85.0,1005.7,0,2026-05-19 00:00:00,5,-2.0,0
24.8,0.0,80.0,1006.7,1,2026-05-19 01:00:00,5,-1.1999999999999318,0
24.4,0.0,82.0,1006.2,2,2026-05-19 02:00:00,5,-1.3999999999999773,0
24.5,0.0,82.0,1005.9,3,2026-05-19 03:00:00,5,0.1999999999999318,0
24.3,0.0,83.0,1006.2,4,2026-05-19 04:00:00,5,-0.5,0
24.4,0.0,84.0,1006.2,5,2026-05-19 05:00:00,5,0.0,0
24.4,0.0,83.0,1006.7,6,2026-05-19 06:00:00,5,0.8000000000000682,0
25.4,0.0,81.0,1006.9,7,2026-05-19 07:00:00,5,0.6999999999999318,0
27.6,0.0,75.0,1007.1,8,2026-05-19 08:00:00,5,0.8999999999999773,0
28.0,0.0,69.0,1007.3,9,2026-05-19 09:00:00,5,0.599999999999909,0
28.2,0.0,72.0,1007.4,10,2026-05-19 10:00:00,5,0.5,0
28.0,0.0,74.0,1007.3,11,2026-05-19 11:00:00,5,0.1999999999999318,0
28.0,0.0,77.0,1006.8,12,2026-05-19 12:00:00,5,-0.5,0
27.5,0.0,77.0,1006.4,13,2026-05-19 13:00:00,5,-1.0,0
28.4,0.0,72.0,1006.0,14,2026-05-19 14:00:00,5,-1.2999999999999545,0
27.5,0.0,74.0,1005.7,15,2026-05-19 15:00:00,5,-1.099999999999909,0
28.0,0.0,71.0,1005.4,16,2026-05-19 16:00:00,5,-1.0,0
27.2,0.0,74.0,1005.6,17,2026-05-19 17:00:00,5,-0.39999999999997726,0
26.4,0.0,75.0,1005.7,18,2026-05-19 18:00:00,5,0.0,0
26.2,0.0,75.0,1005.8,19,2026-05-19 19:00:00,5,0.39999999999997726,0
25.7,0.0,80.0,1006.1,20,2026-05-19 20:00:00,5,0.5,0
25.9,0.0,80.0,1006.5,21,2026-05-19 21:00:00,5,0.7999999999999545,0
25.7,0.0,79.0,1006.5,22,2026-05-19 22:00:00,5,0.7000000000000455,0
25.4,0.0,82.0,1006.1,23,2026-05-19 23:00:00,5,0.0,0
26.8,0.0,79.0,1006.7,0,2026-05-20 00:00:00,5,0.20000000000004547,0
24.5,0.0,86.0,1005.4,1,2026-05-20 01:00:00,5,-1.1000000000000227,0
24.2,0.0,87.0,1005.0,2,2026-05-20 02:00:00,5,-1.1000000000000227,0
24.0,0.0,86.0,1005.0,3,2026-05-20 03:00:00,5,-1.7000000000000455,0
24.0,0.0,84.0,1005.1,4,2026-05-20 04:00:00,5,-0.2999999999999545,0
23.8,0.0,84.0,1005.3,5,2026-05-20 05:00:00,5,0.2999999999999545,0
23.7,0.0,84.0,1005.8,6,2026-05-20 06:00:00,5,0.7999999999999545,0
25.4,0.0,81.0,1006.1,7,2026-05-20 07:00:00,5,1.0,0
27.5,0.0,70.0,1006.3,8,2026-05-20 08:00:00,5,1.0,0
28.8,0.0,66.0,1006.2,9,2026-05-20 09:00:00,5,0.40000000000009095,0
29.8,0.0,62.0,1006.3,10,2026-05-20 10:00:00,5,0.1999999999999318,0
30.8,0.0,65.0,1006.2,11,2026-05-20 11:00:00,5,-0.09999999999990905,0
31.2,0.0,63.0,1005.6,12,2026-05-20 12:00:00,5,-0.6000000000000227,0
31.2,0.0,68.0,1005.1,13,2026-05-20 13:00:00,5,-1.1999999999999318,0
29.6,0.0,71.0,1004.7,14,2026-05-20 14:00:00,5,-1.5,0
29.4,0.0,73.0,1004.8,15,2026-05-20 15:00:00,5,-0.8000000000000682,0
28.7,0.0,74.0,1004.4,16,2026-05-20 16:00:00,5,-0.7000000000000455,0
28.1,0.0,78.0,1004.6,17,2026-05-20 17:00:00,5,-0.10000000000002274,0
27.7,0.0,80.0,1005.0,18,2026-05-20 18:00:00,5,0.20000000000004547,0
27.4,0.0,82.0,1005.5,19,2026-05-20 19:00:00,5,1.1000000000000227,0
27.4,0.0,79.0,1005.9,20,2026-05-20 20:00:00,5,1.2999999999999545,0
27.2,0.0,80.0,1006.5,21,2026-05-20 21:00:00,5,1.5,0
27.3,0.0,79.0,1007.0,22,2026-05-20 22:00:00,5,1.5,0
27.0,0.0,78.0,1007.1,23,2026-05-20 23:00:00,5,1.2000000000000455,0
27.4,0.0,82.0,1007.8,0,2026-05-21 00:00:00,5,1.2999999999999545,0
26.3,0.0,82.0,1006.5,1,2026-05-21 01:00:00,5,-0.5,0
26.6,0.0,79.0,1006.5,2,2026-05-21 02:00:00,5,-0.6000000000000227,0
26.2,0.0,81.0,1006.6,3,2026-05-21 03:00:00,5,-1.1999999999999318,0
26.3,0.0,79.0,1006.8,4,2026-05-21 04:00:00,5,0.2999999999999545,0
26.2,0.0,81.0,1007.3,5,2026-05-21 05:00:00,5,0.7999999999999545,0
26.0,0.0,85.0,1007.7,6,2026-05-21 06:00:00,5,1.1000000000000227,0
27.1,0.0,81.0,1008.3,7,2026-05-21 07:00:00,5,1.5,0
28.7,0.0,76.0,1008.4,8,2026-05-21 08:00:00,5,1.1000000000000227,0
30.2,0.0,69.0,1008.8,9,2026-05-21 09:00:00,5,1.099999999999909,0
31.8,0.0,64.0,1008.4,10,2026-05-21 10:00:00,5,0.10000000000002274,0
31.8,0.0,65.0,1008.3,11,2026-05-21 11:00:00,5,-0.10000000000002274,0
31.1,0.0,70.0,1008.2,12,2026-05-21 12:00:00,5,-0.599999999999909,0
30.7,0.0,69.0,1007.7,13,2026-05-21 13:00:00,5,-0.6999999999999318,0
30.7,0.0,62.0,1007.1,14,2026-05-21 14:00:00,5,-1.1999999999999318,0
30.0,0.0,67.0,1006.9,15,2026-05-21 15:00:00,5,-1.3000000000000682,0
29.7,0.0,71.0,1006.9,16,2026-05-21 16:00:00,5,-0.8000000000000682,0
28.9,0.0,74.0,1007.3,17,2026-05-21 17:00:00,5,0.1999999999999318,0
28.3,0.0,78.0,1007.6,18,2026-05-21 18:00:00,5,0.7000000000000455,0
28.1,0.0,79.0,1008.1,19,2026-05-21 19:00:00,5,1.2000000000000455,0
28.0,0.0,78.0,1008.4,20,2026-05-21 20:00:00,5,1.1000000000000227,0
28.1,0.0,77.0,1008.9,21,2026-05-21 21:00:00,5,1.2999999999999545,0
28.2,0.0,74.0,1009.2,22,2026-05-21 22:00:00,5,1.1000000000000227,0
27.7,0.0,81.0,1008.9,23,2026-05-21 23:00:00,5,0.5,0
27.7,0.0,79.0,1005.6,0,2026-05-22 00:00:00,5,-3.2999999999999545,0
27.0,0.0,84.0,1007.6,1,2026-05-22 01:00:00,5,-1.6000000000000227,0
27.4,0.0,82.0,1007.2,2,2026-05-22 02:00:00,5,-1.6999999999999318,0
27.2,0.0,84.0,1007.4,3,2026-05-22 03:00:00,5,1.7999999999999545,0
27.2,0.0,85.0,1007.6,4,2026-05-22 04:00:00,5,0.0,0
27.4,0.0,82.0,1007.5,5,2026-05-22 05:00:00,5,0.2999999999999545,0
27.5,0.0,82.0,1007.7,6,2026-05-22 06:00:00,5,0.3000000000000682,0
27.7,0.05,81.0,1008.0,7,2026-05-22 07:00:00,5,0.39999999999997726,0
29.2,0.0,74.0,1007.8,8,2026-05-22 08:00:00,5,0.2999999999999545,0
31.4,0.0,65.0,1007.6,9,2026-05-22 09:00:00,5,-0.10000000000002274,0
30.8,0.0,66.0,1007.7,10,2026-05-22 10:00:00,5,-0.2999999999999545,0
31.4,0.0,68.0,1007.4,11,2026-05-22 11:00:00,5,-0.39999999999997726,0
31.9,0.0,66.0,1007.0,12,2026-05-22 12:00:00,5,-0.6000000000000227,0
30.9,0.0,65.0,1006.6,13,2026-05-22 13:00:00,5,-1.1000000000000227,0
31.4,0.0,64.0,1006.1,14,2026-05-22 14:00:00,5,-1.2999999999999545,0
30.8,0.0,67.0,1006.0,15,2026-05-22 15:00:00,5,-1.0,0
29.9,0.0,72.0,1006.2,16,2026-05-22 16:00:00,5,-0.39999999999997726,0
29.3,0.0,73.0,1005.9,17,2026-05-22 17:00:00,5,-0.20000000000004547,0
29.0,0.0,73.0,1005.6,18,2026-05-22 18:00:00,5,-0.39999999999997726,0
28.7,0.0,72.0,1005.7,19,2026-05-22 19:00:00,5,-0.5,0
28.5,0.0,74.0,1006.3,20,2026-05-22 20:00:00,5,0.39999999999997726,0
28.3,0.0,79.0,1006.6,21,2026-05-22 21:00:00,5,1.0,0
28.4,0.0,75.0,1006.9,22,2026-05-22 22:00:00,5,1.1999999999999318,0
28.3,0.0,75.0,1006.4,23,2026-05-22 23:00:00,5,0.10000000000002274,0
28.5,0.0,75.0,1006.4,0,2026-05-23 00:00:00,5,-0.20000000000004547,0
27.1,0.0,84.0,1005.4,1,2026-05-23 01:00:00,5,-1.5,0
26.9,0.0,83.0,1005.7,2,2026-05-23 02:00:00,5,-0.6999999999999318,0
27.1,0.0,83.0,1005.9,3,2026-05-23 03:00:00,5,-0.5,0
27.0,0.0,84.0,1006.0,4,2026-05-23 04:00:00,5,0.6000000000000227,0
26.9,0.0,85.0,1006.3,5,2026-05-23 05:00:00,5,0.599999999999909,0
26.9,0.0,82.0,1006.1,6,2026-05-23 06:00:00,5,0.20000000000004547,0
28.7,0.0,64.0,1006.4,7,2026-05-23 07:00:00,5,0.39999999999997726,0
30.5,0.0,52.0,1006.3,8,2026-05-23 08:00:00,5,0.0,0
32.1,0.0,53.0,1006.5,9,2026-05-23 09:00:00,5,0.39999999999997726,0
32.6,0.0,60.0,1006.7,10,2026-05-23 10:00:00,5,0.3000000000000682,0
32.3,0.0,58.0,1006.4,11,2026-05-23 11:00:00,5,0.10000000000002274,0
31.7,0.0,62.0,1005.9,12,2026-05-23 12:00:00,5,-0.6000000000000227,0
31.6,0.0,64.0,1005.7,13,2026-05-23 13:00:00,5,-1.0,0
31.7,0.0,63.0,1005.3,14,2026-05-23 14:00:00,5,-1.1000000000000227,0
32.3,0.0,54.0,1004.9,15,2026-05-23 15:00:00,5,-1.0,0
31.9,0.0,52.0,1004.5,16,2026-05-23 16:00:00,5,-1.2000000000000455,0
30.9,0.0,56.0,1005.0,17,2026-05-23 17:00:00,5,-0.2999999999999545,0
29.9,0.0,62.0,1004.9,18,2026-05-23 18:00:00,5,0.0,0
29.4,0.0,62.0,1005.2,19,2026-05-23 19:00:00,5,0.7000000000000455,0
29.2,0.0,67.0,1005.8,20,2026-05-23 20:00:00,5,0.7999999999999545,0
29.1,0.0,68.0,1006.3,21,2026-05-23 21:00:00,5,1.3999999999999773,0
29.0,0.0,70.0,1006.8,22,2026-05-23 22:00:00,5,1.599999999999909,0
28.7,0.0,73.0,1006.9,23,2026-05-23 23:00:00,5,1.1000000000000227,0
27.0,0.0,83.0,1004.8,0,2026-05-24 00:00:00,5,-1.5,0
27.1,0.0,78.0,1005.8,1,2026-05-24 01:00:00,5,-1.0,0
26.5,0.0,79.0,1005.4,2,2026-05-24 02:00:00,5,-1.5,0
26.3,0.0,77.0,1005.4,3,2026-05-24 03:00:00,5,0.6000000000000227,0
26.3,0.0,80.0,1006.3,4,2026-05-24 04:00:00,5,0.5,0
26.6,0.0,80.0,1007.1,5,2026-05-24 05:00:00,5,1.7000000000000455,0
27.2,0.0,79.0,1007.4,6,2026-05-24 06:00:00,5,2.0,0
29.0,0.0,71.0,1007.6,7,2026-05-24 07:00:00,5,1.3000000000000682,0
29.5,0.0,66.0,1007.5,8,2026-05-24 08:00:00,5,0.39999999999997726,0
30.9,0.0,61.0,1007.4,9,2026-05-24 09:00:00,5,0.0,0
31.4,0.0,60.0,1007.0,10,2026-05-24 10:00:00,5,-0.6000000000000227,0
33.1,0.0,56.0,1006.7,11,2026-05-24 11:00:00,5,-0.7999999999999545,0
32.4,0.0,61.0,1005.9,12,2026-05-24 12:00:00,5,-1.5,0
32.1,0.0,61.0,1005.5,13,2026-05-24 13:00:00,5,-1.5,0
31.3,0.0,68.0,1005.1,14,2026-05-24 14:00:00,5,-1.6000000000000227,0
30.8,0.0,64.0,1004.6,15,2026-05-24 15:00:00,5,-1.2999999999999545,0
30.1,0.0,68.0,1004.6,16,2026-05-24 16:00:00,5,-0.8999999999999773,0
29.7,0.0,74.0,1004.7,17,2026-05-24 17:00:00,5,-0.39999999999997726,0
29.3,0.0,74.0,1005.1,18,2026-05-24 18:00:00,5,0.5,0
29.2,0.0,68.0,1004.9,19,2026-05-24 19:00:00,5,0.2999999999999545,0
29.1,0.0,70.0,1005.2,20,2026-05-24 20:00:00,5,0.5,0
29.3,0.0,66.0,1005.4,21,2026-05-24 21:00:00,5,0.2999999999999545,0
29.0,0.0,69.0,1005.7,22,2026-05-24 22:00:00,5,0.8000000000000682,0
27.6,0.0,80.0,1005.6,23,2026-05-24 23:00:00,5,0.39999999999997726,0
29.0,0.0,69.0,1002.4,0,2026-05-25 00:00:00,5,-3.0,0
26.6,0.0,84.0,1004.3,1,2026-05-25 01:00:00,5,-1.400000000000091,0
26.3,0.0,83.0,1004.1,2,2026-05-25 02:00:00,5,-1.5,0
25.9,0.0,84.0,1004.3,3,2026-05-25 03:00:00,5,1.8999999999999773,0
25.6,0.0,82.0,1004.1,4,2026-05-25 04:00:00,5,-0.1999999999999318,0
27.2,0.0,75.0,1004.3,5,2026-05-25 05:00:00,5,0.1999999999999318,0
27.5,0.0,77.0,1005.1,6,2026-05-25 06:00:00,5,0.8000000000000682,0
28.4,0.0,77.0,1005.9,7,2026-05-25 07:00:00,5,1.7999999999999545,0
29.5,0.0,72.0,1006.5,8,2026-05-25 08:00:00,5,2.2000000000000455,0
30.4,0.0,68.0,1006.4,9,2026-05-25 09:00:00,5,1.2999999999999545,0
31.2,0.0,65.0,1006.1,10,2026-05-25 10:00:00,5,0.20000000000004547,0
31.3,0.0,65.0,1005.6,11,2026-05-25 11:00:00,5,-0.8999999999999773,0
31.7,0.0,63.0,1004.9,12,2026-05-25 12:00:00,5,-1.5,0
32.0,0.0,59.0,1004.2,13,2026-05-25 13:00:00,5,-1.8999999999999773,0
31.9,0.0,60.0,1003.4,14,2026-05-25 14:00:00,5,-2.2000000000000455,0
31.6,0.0,60.0,1002.7,15,2026-05-25 15:00:00,5,-2.199999999999932,0
31.4,0.0,61.0,1002.5,16,2026-05-25 16:00:00,5,-1.7000000000000455,0
30.2,0.0,69.0,1002.2,17,2026-05-25 17:00:00,5,-1.1999999999999318,0
29.8,0.0,70.0,1002.3,18,2026-05-25 18:00:00,5,-0.40000000000009095,0
29.5,0.0,70.0,1002.2,19,2026-05-25 19:00:00,5,-0.2999999999999545,0
29.6,0.0,70.0,1002.6,20,2026-05-25 20:00:00,5,0.39999999999997726,0
29.6,0.0,70.0,1002.6,21,2026-05-25 21:00:00,5,0.3000000000000682,0
29.4,0.0,70.0,1003.0,22,2026-05-25 22:00:00,5,0.7999999999999545,0
28.9,0.0,71.0,1002.8,23,2026-05-25 23:00:00,5,0.1999999999999318,0
29.6,0.0,68.0,1001.9,0,2026-05-26 00:00:00,5,-0.7000000000000455,0
28.5,0.0,71.0,1001.9,1,2026-05-26 01:00:00,5,-1.1000000000000227,0
28.3,0.0,72.0,1002.2,2,2026-05-26 02:00:00,5,-0.599999999999909,0
28.2,0.0,74.0,1002.8,3,2026-05-26 03:00:00,5,0.8999999999999773,0
27.8,0.0,78.0,1003.3,4,2026-05-26 04:00:00,5,1.3999999999999773,0
27.9,0.0,77.0,1003.3,5,2026-05-26 05:00:00,5,1.099999999999909,0
28.1,0.0,75.0,1003.3,6,2026-05-26 06:00:00,5,0.5,0
29.0,0.0,72.0,1003.5,7,2026-05-26 07:00:00,5,0.20000000000004547,0
29.7,0.0,70.0,1004.0,8,2026-05-26 08:00:00,5,0.7000000000000455,0
30.3,0.0,70.0,1004.4,9,2026-05-26 09:00:00,5,1.1000000000000227,0
31.5,0.0,63.0,1003.8,10,2026-05-26 10:00:00,5,0.2999999999999545,0
32.7,0.0,57.0,1003.1,11,2026-05-26 11:00:00,5,-0.8999999999999773,0
32.9,0.0,57.0,1002.4,12,2026-05-26 12:00:00,5,-2.0,0
33.3,0.0,57.0,1001.3,13,2026-05-26 13:00:00,5,-2.5,0
32.5,0.0,62.0,1001.0,14,2026-05-26 14:00:00,5,-2.1000000000000227,0
32.5,0.0,64.0,1001.0,15,2026-05-26 15:00:00,5,-1.3999999999999773,0
33.6,0.0,62.0,1000.3,16,2026-05-26 16:00:00,5,-1.0,0
32.4,0.0,66.0,1000.3,17,2026-05-26 17:00:00,5,-0.7000000000000455,0
30.2,0.0,69.0,1001.0,18,2026-05-26 18:00:00,5,0.0,0
30.1,0.0,72.0,1001.7,19,2026-05-26 19:00:00,5,1.400000000000091,0
30.1,0.0,70.0,1002.3,20,2026-05-26 20:00:00,5,2.0,0
30.9,0.0,62.0,1002.4,21,2026-05-26 21:00:00,5,1.3999999999999773,0
31.5,0.0,58.0,1002.5,22,2026-05-26 22:00:00,5,0.7999999999999545,0
30.6,0.0,60.0,1002.1,23,2026-05-26 23:00:00,5,-0.1999999999999318,0
28.7,0.0,80.0,1005.0,0,2026-05-27 00:00:00,5,2.6000000000000227,0
28.9,0.0,72.0,1001.8,1,2026-05-27 01:00:00,5,-0.7000000000000455,0
28.9,0.0,70.0,1002.3,2,2026-05-27 02:00:00,5,0.1999999999999318,0
28.8,0.0,70.0,1002.8,3,2026-05-27 03:00:00,5,-2.2000000000000455,0
28.3,0.0,76.0,1003.1,4,2026-05-27 04:00:00,5,1.3000000000000682,0
28.1,0.0,80.0,1003.6,5,2026-05-27 05:00:00,5,1.3000000000000682,0
28.4,0.0,77.0,1003.6,6,2026-05-27 06:00:00,5,0.8000000000000682,0
29.3,0.0,73.0,1004.0,7,2026-05-27 07:00:00,5,0.8999999999999773,0
30.7,0.0,69.0,1004.0,8,2026-05-27 08:00:00,5,0.39999999999997726,0
31.7,0.0,66.0,1004.3,9,2026-05-27 09:00:00,5,0.6999999999999318,0
32.3,0.0,64.0,1004.5,10,2026-05-27 10:00:00,5,0.5,0
32.3,0.0,69.0,1004.7,11,2026-05-27 11:00:00,5,0.7000000000000455,0
33.9,0.0,61.0,1004.3,12,2026-05-27 12:00:00,5,0.0,0
33.7,0.0,64.0,1003.7,13,2026-05-27 13:00:00,5,-0.7999999999999545,0
34.2,0.0,60.0,1002.9,14,2026-05-27 14:00:00,5,-1.8000000000000682,0
34.7,0.0,58.0,1002.2,15,2026-05-27 15:00:00,5,-2.099999999999909,0
34.1,0.0,58.0,1001.7,16,2026-05-27 16:00:00,5,-2.0,0
32.4,0.0,64.0,1001.6,17,2026-05-27 17:00:00,5,-1.2999999999999545,0
31.3,0.0,71.0,1002.3,18,2026-05-27 18:00:00,5,0.09999999999990905,0
29.8,0.0,78.0,1003.8,19,2026-05-27 19:00:00,5,2.099999999999909,0
29.3,0.0,80.0,1004.4,20,2026-05-27 20:00:00,5,2.7999999999999545,0
29.0,0.0,83.0,1005.4,21,2026-05-27 21:00:00,5,3.1000000000000227,0
28.6,0.0,84.0,1007.3,22,2026-05-27 22:00:00,5,3.5,0
28.3,0.0,83.0,1006.8,23,2026-05-27 23:00:00,5,2.3999999999999773,0
28.7,0.0,85.0,1006.5,0,2026-05-28 00:00:00,5,1.1000000000000227,0
28.5,0.0,83.0,1005.3,1,2026-05-28 01:00:00,5,-2.0,0
27.9,0.0,89.0,1005.6,2,2026-05-28 02:00:00,5,-1.1999999999999318,0
28.3,0.0,85.0,1005.8,3,2026-05-28 03:00:00,5,-0.7000000000000455,0
28.4,0.0,79.0,1005.2,4,2026-05-28 04:00:00,5,-0.09999999999990905,0
28.1,0.0,78.0,1005.2,5,2026-05-28 05:00:00,5,-0.39999999999997726,0
28.6,0.0,75.0,1005.1,6,2026-05-28 06:00:00,5,-0.6999999999999318,0
29.8,0.0,69.0,1005.5,7,2026-05-28 07:00:00,5,0.2999999999999545,0
30.7,0.0,68.0,1005.8,8,2026-05-28 08:00:00,5,0.599999999999909,0
31.7,0.0,62.0,1006.0,9,2026-05-28 09:00:00,5,0.8999999999999773,0
32.4,0.0,67.0,1006.1,10,2026-05-28 10:00:00,5,0.6000000000000227,0
33.7,0.0,62.0,1005.9,11,2026-05-28 11:00:00,5,0.10000000000002274,0
34.5,0.0,60.0,1005.4,12,2026-05-28 12:00:00,5,-0.6000000000000227,0
34.0,0.0,66.0,1004.7,13,2026-05-28 13:00:00,5,-1.3999999999999773,0
34.2,0.0,61.0,1003.6,14,2026-05-28 14:00:00,5,-2.2999999999999545,0
34.3,0.0,60.0,1002.9,15,2026-05-28 15:00:00,5,-2.5,0
32.3,0.0,74.0,1003.4,16,2026-05-28 16:00:00,5,-1.3000000000000682,0
30.8,0.0,77.0,1003.5,17,2026-05-28 17:00:00,5,-0.10000000000002274,0
30.2,0.0,82.0,1004.5,18,2026-05-28 18:00:00,5,1.6000000000000227,0
29.3,0.0,84.0,1005.0,19,2026-05-28 19:00:00,5,1.6000000000000227,0
28.7,0.0,87.0,1005.6,20,2026-05-28 20:00:00,5,2.1000000000000227,0
28.5,0.0,88.0,1006.5,21,2026-05-28 21:00:00,5,2.0,0
28.6,0.0,86.0,1006.8,22,2026-05-28 22:00:00,5,1.7999999999999545,0
28.7,0.0,85.0,1006.7,23,2026-05-28 23:00:00,5,1.1000000000000227,0
26.8,0.0,65.0,1006.5,0,2026-05-29 00:00:00,5,0.0,0
28.9,0.0,83.0,1005.9,1,2026-05-29 01:00:00,5,-0.8999999999999773,0
28.1,0.0,90.0,1005.3,2,2026-05-29 02:00:00,5,-1.400000000000091,0
27.9,0.0,91.0,1005.5,3,2026-05-29 03:00:00,5,-1.0,0
27.8,0.0,91.0,1006.0,4,2026-05-29 04:00:00,5,0.10000000000002274,0
27.8,0.0,90.0,1005.5,5,2026-05-29 05:00:00,5,0.20000000000004547,0
27.6,0.0,92.0,1006.5,6,2026-05-29 06:00:00,5,1.0,0
27.5,0.0,90.0,1007.5,7,2026-05-29 07:00:00,5,1.5,0
27.8,0.0,88.0,1007.8,8,2026-05-29 08:00:00,5,2.2999999999999545,0
28.0,0.0,86.0,1007.9,9,2026-05-29 09:00:00,5,1.3999999999999773,0
28.6,0.0,84.0,1007.8,10,2026-05-29 10:00:00,5,0.2999999999999545,0
28.3,0.0,82.0,1007.5,11,2026-05-29 11:00:00,5,-0.2999999999999545,0
28.9,0.0,80.0,1006.7,12,2026-05-29 12:00:00,5,-1.1999999999999318,0
29.2,0.0,77.0,1005.8,13,2026-05-29 13:00:00,5,-2.0,0
29.5,0.0,74.0,1005.4,14,2026-05-29 14:00:00,5,-2.1000000000000227,0
29.9,0.0,61.0,1005.2,15,2026-05-29 15:00:00,5,-1.5,0
29.4,0.0,64.0,1004.6,16,2026-05-29 16:00:00,5,-1.1999999999999318,0
29.0,0.0,63.0,1004.6,17,2026-05-29 17:00:00,5,-0.7999999999999545,0
27.6,0.0,65.0,1005.3,18,2026-05-29 18:00:00,5,0.09999999999990905,0
27.3,0.0,62.0,1005.9,19,2026-05-29 19:00:00,5,1.2999999999999545,0
26.7,0.0,70.0,1006.2,20,2026-05-29 20:00:00,5,1.6000000000000227,0
27.1,0.0,66.0,1006.9,21,2026-05-29 21:00:00,5,1.6000000000000227,0
27.0,0.0,65.0,1007.0,22,2026-05-29 22:00:00,5,1.1000000000000227,0
26.9,0.0,66.0,1007.0,23,2026-05-29 23:00:00,5,0.7999999999999545,0
24.7,0.0,72.0,1006.1,0,2026-05-30 00:00:00,5,-0.7999999999999545,0
26.2,0.0,67.0,1006.3,1,2026-05-30 01:00:00,5,-0.7000000000000455,0
26.1,0.0,70.0,1006.0,2,2026-05-30 02:00:00,5,-1.0,0
26.0,0.0,69.0,1005.5,3,2026-05-30 03:00:00,5,-0.6000000000000227,0
26.0,0.0,68.0,1005.6,4,2026-05-30 04:00:00,5,-0.6999999999999318,0
25.6,0.0,70.0,1005.7,5,2026-05-30 05:00:00,5,-0.2999999999999545,0
25.7,0.0,68.0,1005.8,6,2026-05-30 06:00:00,5,0.2999999999999545,0
26.9,0.0,65.0,1006.0,7,2026-05-30 07:00:00,5,0.39999999999997726,0
28.2,0.0,60.0,1006.6,8,2026-05-30 08:00:00,5,0.8999999999999773,0
29.6,0.0,55.0,1006.5,9,2026-05-30 09:00:00,5,0.7000000000000455,0
31.1,0.0,55.0,1006.3,10,2026-05-30 10:00:00,5,0.2999999999999545,0
31.5,0.0,54.0,1006.6,11,2026-05-30 11:00:00,5,0.0,0
30.2,0.0,65.0,1006.5,12,2026-05-30 12:00:00,5,0.0,0
30.3,0.0,64.0,1005.9,13,2026-05-30 13:00:00,5,-0.39999999999997726,0
29.7,0.0,64.0,1005.5,14,2026-05-30 14:00:00,5,-1.1000000000000227,0
29.9,0.0,63.0,1005.0,15,2026-05-30 15:00:00,5,-1.5,0
29.6,0.0,62.0,1004.5,16,2026-05-30 16:00:00,5,-1.3999999999999773,0
28.3,0.0,64.0,1004.9,17,2026-05-30 17:00:00,5,-0.6000000000000227,0
26.9,0.0,69.0,1005.2,18,2026-05-30 18:00:00,5,0.20000000000004547,0
26.3,0.0,67.0,1005.4,19,2026-05-30 19:00:00,5,0.8999999999999773,0
26.1,0.0,64.0,1006.0,20,2026-05-30 20:00:00,5,1.1000000000000227,0
25.8,0.0,66.0,1006.3,21,2026-05-30 21:00:00,5,1.099999999999909,0
25.8,0.0,65.0,1006.8,22,2026-05-30 22:00:00,5,1.3999999999999773,0
25.4,0.0,68.0,1006.5,23,2026-05-30 23:00:00,5,0.5,0
24.1,0.0,79.0,1005.7,0,2026-05-31 00:00:00,5,-0.599999999999909,0
24.4,0.0,73.0,1005.6,1,2026-05-31 01:00:00,5,-1.1999999999999318,0
24.3,0.0,72.0,1005.3,2,2026-05-31 02:00:00,5,-1.2000000000000455,0
24.1,0.0,73.0,1005.2,3,2026-05-31 03:00:00,5,-0.5,0
23.8,0.0,75.0,1005.7,4,2026-05-31 04:00:00,5,0.10000000000002274,0
23.9,0.0,74.0,1005.9,5,2026-05-31 05:00:00,5,0.6000000000000227,0
24.1,0.0,76.0,1006.4,6,2026-05-31 06:00:00,5,1.1999999999999318,0
25.3,0.0,70.0,1006.6,7,2026-05-31 07:00:00,5,0.8999999999999773,0
26.8,0.0,61.0,1006.4,8,2026-05-31 08:00:00,5,0.5,0
28.6,0.0,55.0,1006.7,9,2026-05-31 09:00:00,5,0.3000000000000682,0
28.9,0.0,57.0,1006.6,10,2026-05-31 10:00:00,5,0.0,0
29.4,0.0,58.0,1006.1,11,2026-05-31 11:00:00,5,-0.2999999999999545,0
28.9,0.0,63.0,1005.8,12,2026-05-31 12:00:00,5,-0.900000000000091,0
29.2,0.0,60.0,1005.5,13,2026-05-31 13:00:00,5,-1.1000000000000227,0
28.7,0.0,61.0,1004.7,14,2026-05-31 14:00:00,5,-1.3999999999999773,0
28.8,0.0,61.0,1004.7,15,2026-05-31 15:00:00,5,-1.099999999999909,0
28.2,0.0,62.0,1004.6,16,2026-05-31 16:00:00,5,-0.8999999999999773,0
27.3,0.0,64.0,1004.6,17,2026-05-31 17:00:00,5,-0.10000000000002274,0
26.5,0.0,68.0,1005.0,18,2026-05-31 18:00:00,5,0.2999999999999545,0
25.7,0.0,72.0,1005.5,19,2026-05-31 19:00:00,5,0.8999999999999773,0
25.3,0.0,74.0,1006.0,20,2026-05-31 20:00:00,5,1.3999999999999773,0
24.9,0.0,76.0,1006.0,21,2026-05-31 21:00:00,5,1.0,0
24.7,0.0,77.0,1006.4,22,2026-05-31 22:00:00,5,0.8999999999999773,0
24.4,0.0,78.0,1006.5,23,2026-05-31 23:00:00,5,0.5,0
25.5,0.0,78.01386962552012,1004.3,0,2026-06-01 00:00:00,6,-1.7000000000000455,0
23.7,0.0,78.02773925104022,1005.2,1,2026-06-01 01:00:00,6,-1.1999999999999318,0
23.7,0.0,78.04160887656033,1005.0,2,2026-06-01 02:00:00,6,-1.5,0
27.7,0.0,88.0,1007.6,0,2026-07-01 00:00:00,7,-0.10000000000002274,0
27.5,0.0,83.0,1007.1,1,2026-07-01 01:00:00,7,-0.6000000000000227,0
27.1,0.0,84.0,1007.0,2,2026-07-01 02:00:00,7,-0.39999999999997726,0
26.9,0.0,83.0,1006.7,3,2026-07-01 03:00:00,7,-0.8999999999999773,0
26.5,0.0,84.0,1006.6,4,2026-07-01 04:00:00,7,-0.5,0
26.4,0.0,84.0,1006.5,5,2026-07-01 05:00:00,7,-0.5,0
26.7,0.0,81.0,1006.5,6,2026-07-01 06:00:00,7,-0.20000000000004547,0
27.7,0.0,79.0,1006.7,7,2026-07-01 07:00:00,7,0.10000000000002274,0
29.9,0.0,74.0,1006.9,8,2026-07-01 08:00:00,7,0.39999999999997726,0
31.0,0.0,72.0,1006.8,9,2026-07-01 09:00:00,7,0.2999999999999545,0
30.7,0.0,76.0,1006.8,10,2026-07-01 10:00:00,7,0.09999999999990905,0
31.6,0.0,70.0,1006.4,11,2026-07-01 11:00:00,7,-0.5,0
31.1,0.0,74.0,1006.7,12,2026-07-01 12:00:00,7,-0.09999999999990905,0
30.6,0.0,76.0,1007.0,13,2026-07-01 13:00:00,7,0.20000000000004547,0
31.1,0.0,75.0,1006.6,14,2026-07-01 14:00:00,7,0.20000000000004547,0
30.3,0.0,79.0,1006.4,15,2026-07-01 15:00:00,7,-0.3000000000000682,0
29.9,0.0,81.0,1005.8,16,2026-07-01 16:00:00,7,-1.2000000000000455,0
29.6,0.0,81.0,1005.6,17,2026-07-01 17:00:00,7,-1.0,0
29.8,0.0,80.0,1005.5,18,2026-07-01 18:00:00,7,-0.8999999999999773,0
29.1,0.0,82.0,1006.0,19,2026-07-01 19:00:00,7,0.20000000000004547,0
29.1,0.0,80.0,1006.8,20,2026-07-01 20:00:00,7,1.1999999999999318,0
29.0,0.0,84.0,1007.8,21,2026-07-01 21:00:00,7,2.2999999999999545,0
28.8,0.0,84.0,1008.2,22,2026-07-01 22:00:00,7,2.2000000000000455,0
28.6,0.0,85.0,1007.6,23,2026-07-01 23:00:00,7,0.8000000000000682,0
26.9,0.0,80.0,1010.0,0,2026-07-02 00:00:00,7,2.2000000000000455,0
27.8,0.0,85.0,1007.7,1,2026-07-02 01:00:00,7,-0.5,0
27.2,0.0,84.0,1007.4,2,2026-07-02 02:00:00,7,-0.20000000000004547,0
26.9,0.0,87.0,1007.4,3,2026-07-02 03:00:00,7,-2.6000000000000227,0
26.6,0.0,89.0,1007.3,4,2026-07-02 04:00:00,7,-0.40000000000009095,0
26.2,0.0,86.0,1007.4,5,2026-07-02 05:00:00,7,0.0,0
26.5,0.0,87.0,1007.8,6,2026-07-02 06:00:00,7,0.39999999999997726,0
27.3,0.0,84.0,1008.1,7,2026-07-02 07:00:00,7,0.8000000000000682,0
28.9,0.0,81.0,1008.4,8,2026-07-02 08:00:00,7,1.0,0
29.7,0.0,77.0,1008.4,9,2026-07-02 09:00:00,7,0.6000000000000227,0
30.4,0.0,75.0,1008.5,10,2026-07-02 10:00:00,7,0.39999999999997726,0
30.7,0.0,73.0,1008.6,11,2026-07-02 11:00:00,7,0.20000000000004547,0
31.2,0.0,73.0,1008.6,12,2026-07-02 12:00:00,7,0.20000000000004547,0
31.1,0.0,73.0,1008.5,13,2026-07-02 13:00:00,7,0.0,0
31.6,0.0,71.0,1008.2,14,2026-07-02 14:00:00,7,-0.39999999999997726,0
32.1,0.0,69.0,1008.0,15,2026-07-02 15:00:00,7,-0.6000000000000227,0
30.7,0.0,72.0,1008.1,16,2026-07-02 16:00:00,7,-0.39999999999997726,0
29.3,0.05,81.0,1008.3,17,2026-07-02 17:00:00,7,0.09999999999990905,0
29.0,0.0,77.0,1008.2,18,2026-07-02 18:00:00,7,0.20000000000004547,0
29.0,0.0,74.0,1008.8,19,2026-07-02 19:00:00,7,0.6999999999999318,0
28.4,0.0,78.0,1009.4,20,2026-07-02 20:00:00,7,1.1000000000000227,0
28.2,0.0,78.0,1010.2,21,2026-07-02 21:00:00,7,2.0,0
27.7,0.0,79.0,1010.7,22,2026-07-02 22:00:00,7,1.900000000000091,0
27.3,0.0,79.0,1010.5,23,2026-07-02 23:00:00,7,1.1000000000000227,0
27.7,0.0,69.0,1010.0,0,2026-07-03 00:00:00,7,-0.20000000000004547,0
26.9,0.0,78.0,1010.1,1,2026-07-03 01:00:00,7,-0.6000000000000227,0
26.3,0.0,81.0,1010.0,2,2026-07-03 02:00:00,7,-0.5,0
26.2,0.0,80.0,1009.7,3,2026-07-03 03:00:00,7,-0.2999999999999545,0
25.9,0.0,82.0,1009.8,4,2026-07-03 04:00:00,7,-0.3000000000000682,0
25.9,0.0,82.0,1009.9,5,2026-07-03 05:00:00,7,-0.10000000000002274,0
26.2,0.0,80.0,1010.0,6,2026-07-03 06:00:00,7,0.2999999999999545,0
27.4,0.0,75.0,1010.0,7,2026-07-03 07:00:00,7,0.20000000000004547,0
29.6,0.0,72.0,1009.8,8,2026-07-03 08:00:00,7,-0.10000000000002274,0
31.6,0.0,68.0,1009.6,9,2026-07-03 09:00:00,7,-0.39999999999997726,0
32.9,0.0,61.0,1009.6,10,2026-07-03 10:00:00,7,-0.39999999999997726,0
32.9,0.0,63.0,1009.3,11,2026-07-03 11:00:00,7,-0.5,0
33.0,0.0,63.0,1009.0,12,2026-07-03 12:00:00,7,-0.6000000000000227,0
32.8,0.0,68.0,1009.0,13,2026-07-03 13:00:00,7,-0.6000000000000227,0
32.4,0.0,70.0,1008.9,14,2026-07-03 14:00:00,7,-0.39999999999997726,0
31.2,0.0,76.0,1008.9,15,2026-07-03 15:00:00,7,-0.10000000000002274,0
31.4,0.0,75.0,1008.3,16,2026-07-03 16:00:00,7,-0.7000000000000455,0
30.6,0.0,80.0,1008.2,17,2026-07-03 17:00:00,7,-0.6999999999999318,0
30.5,0.0,79.0,1008.8,18,2026-07-03 18:00:00,7,-0.10000000000002274,0
29.4,0.0,79.0,1009.6,19,2026-07-03 19:00:00,7,1.3000000000000682,0
28.3,0.0,82.0,1010.0,20,2026-07-03 20:00:00,7,1.7999999999999545,0
28.0,0.0,84.0,1010.3,21,2026-07-03 21:00:00,7,1.5,0
28.4,0.0,84.0,1010.7,22,2026-07-03 22:00:00,7,1.1000000000000227,0
27.9,0.05,83.0,1010.2,23,2026-07-03 23:00:00,7,0.20000000000004547,0
28.9,0.0,82.0,1008.6,0,2026-07-04 00:00:00,7,-1.6999999999999318,0
26.4,0.0,80.0,1010.2,1,2026-07-04 01:00:00,7,-0.5,0
26.7,0.0,81.0,1009.8,2,2026-07-04 02:00:00,7,-0.40000000000009095,0
26.6,0.0,82.0,1009.5,3,2026-07-04 03:00:00,7,0.8999999999999773,0
26.5,0.05,83.0,1009.9,4,2026-07-04 04:00:00,7,-0.3000000000000682,0
26.4,0.0,82.0,1010.0,5,2026-07-04 05:00:00,7,0.20000000000004547,0
26.5,0.0,82.0,1010.1,6,2026-07-04 06:00:00,7,0.6000000000000227,0
27.7,0.0,77.0,1010.0,7,2026-07-04 07:00:00,7,0.10000000000002274,0
29.9,0.0,72.0,1009.9,8,2026-07-04 08:00:00,7,-0.10000000000002274,0
32.0,0.0,63.0,1009.6,9,2026-07-04 09:00:00,7,-0.5,0
32.9,0.0,62.0,1009.5,10,2026-07-04 10:00:00,7,-0.5,0
33.1,0.0,57.0,1009.6,11,2026-07-04 11:00:00,7,-0.2999999999999545,0
33.2,0.0,62.0,1009.0,12,2026-07-04 12:00:00,7,-0.6000000000000227,0
33.2,0.0,56.0,1008.4,13,2026-07-04 13:00:00,7,-1.1000000000000227,0
32.8,0.0,59.0,1008.1,14,2026-07-04 14:00:00,7,-1.5,0
32.8,0.0,61.0,1007.8,15,2026-07-04 15:00:00,7,-1.2000000000000455,0
31.9,0.0,66.0,1007.3,16,2026-07-04 16:00:00,7,-1.1000000000000227,0
31.4,0.0,67.0,1006.9,17,2026-07-04 17:00:00,7,-1.2000000000000455,0
30.4,0.0,72.0,1007.2,18,2026-07-04 18:00:00,7,-0.599999999999909,0
30.1,0.0,74.0,1007.8,19,2026-07-04 19:00:00,7,0.5,0
29.6,0.0,81.0,1008.4,20,2026-07-04 20:00:00,7,1.5,0
29.4,0.0,81.0,1009.0,21,2026-07-04 21:00:00,7,1.7999999999999545,0
29.3,0.0,83.0,1009.5,22,2026-07-04 22:00:00,7,1.7000000000000455,0
29.2,0.0,81.0,1009.5,23,2026-07-04 23:00:00,7,1.1000000000000227,0
28.9,0.0,82.0,1008.0,0,2026-07-05 00:00:00,7,-1.0,0
28.9,0.0,81.0,1008.1,1,2026-07-05 01:00:00,7,-1.3999999999999773,0
28.6,0.0,80.0,1007.9,2,2026-07-05 02:00:00,7,-1.6000000000000227,0
28.3,0.0,80.0,1008.1,3,2026-07-05 03:00:00,7,0.10000000000002274,0
28.4,0.0,78.0,1008.3,4,2026-07-05 04:00:00,7,0.1999999999999318,0
27.3,0.0,86.0,1008.5,5,2026-07-05 05:00:00,7,0.6000000000000227,0
27.4,0.0,86.0,1008.8,6,2026-07-05 06:00:00,7,0.6999999999999318,0
28.8,0.0,78.0,1009.5,7,2026-07-05 07:00:00,7,1.2000000000000455,0
30.1,0.0,71.0,1009.8,8,2026-07-05 08:00:00,7,1.2999999999999545,0
31.1,0.0,68.0,1009.4,9,2026-07-05 09:00:00,7,0.6000000000000227,0
32.2,0.0,67.0,1009.0,10,2026-07-05 10:00:00,7,-0.5,0
32.4,0.0,66.0,1008.9,11,2026-07-05 11:00:00,7,-0.8999999999999773,0
33.2,0.0,66.0,1008.0,12,2026-07-05 12:00:00,7,-1.3999999999999773,0
33.0,0.0,64.0,1007.2,13,2026-07-05 13:00:00,7,-1.7999999999999545,0
32.3,0.0,72.0,1007.0,14,2026-07-05 14:00:00,7,-1.8999999999999773,0
32.0,0.0,70.0,1006.8,15,2026-07-05 15:00:00,7,-1.2000000000000455,0
31.8,0.0,67.0,1006.5,16,2026-07-05 16:00:00,7,-0.7000000000000455,0
31.5,0.0,64.0,1006.3,17,2026-07-05 17:00:00,7,-0.7000000000000455,0
30.6,0.0,73.0,1006.6,18,2026-07-05 18:00:00,7,-0.1999999999999318,0
30.0,0.0,76.0,1007.3,19,2026-07-05 19:00:00,7,0.7999999999999545,0
30.0,0.0,78.0,1007.9,20,2026-07-05 20:00:00,7,1.6000000000000227,0
29.7,0.0,81.0,1008.3,21,2026-07-05 21:00:00,7,1.6999999999999318,0
29.3,0.0,81.0,1008.5,22,2026-07-05 22:00:00,7,1.2000000000000455,0
29.1,0.0,83.0,1008.5,23,2026-07-05 23:00:00,7,0.6000000000000227,0
28.7,0.0,82.0,1006.9,0,2026-07-06 00:00:00,7,-1.3999999999999773,0
28.8,0.0,75.0,1007.5,1,2026-07-06 01:00:00,7,-1.0,0
28.5,0.0,77.0,1007.0,2,2026-07-06 02:00:00,7,-1.5,0
28.2,0.0,78.0,1006.9,3,2026-07-06 03:00:00,7,0.0,0
27.7,0.0,79.0,1007.1,4,2026-07-06 04:00:00,7,-0.39999999999997726,0
27.4,0.0,82.0,1007.3,5,2026-07-06 05:00:00,7,0.2999999999999545,0
27.4,0.0,81.0,1007.8,6,2026-07-06 06:00:00,7,0.8999999999999773,0
28.8,0.0,75.0,1008.2,7,2026-07-06 07:00:00,7,1.1000000000000227,0
30.1,0.0,71.0,1008.2,8,2026-07-06 08:00:00,7,0.900000000000091,0
31.6,0.0,67.0,1008.0,9,2026-07-06 09:00:00,7,0.20000000000004547,0
31.7,0.0,66.0,1007.6,10,2026-07-06 10:00:00,7,-0.6000000000000227,0
32.8,0.0,65.0,1007.4,11,2026-07-06 11:00:00,7,-0.8000000000000682,0
32.4,0.0,67.0,1006.8,12,2026-07-06 12:00:00,7,-1.2000000000000455,0
32.1,0.0,66.0,1006.6,13,2026-07-06 13:00:00,7,-1.0,0
33.0,0.0,66.0,1006.6,14,2026-07-06 14:00:00,7,-0.7999999999999545,0
32.2,0.0,71.0,1006.4,15,2026-07-06 15:00:00,7,-0.39999999999997726,0
31.9,0.0,68.0,1006.1,16,2026-07-06 16:00:00,7,-0.5,0
30.9,0.0,71.0,1006.1,17,2026-07-06 17:00:00,7,-0.5,0
30.7,0.0,69.0,1006.3,18,2026-07-06 18:00:00,7,-0.10000000000002274,0
29.8,0.0,71.0,1006.5,19,2026-07-06 19:00:00,7,0.39999999999997726,0
30.0,0.0,73.0,1007.0,20,2026-07-06 20:00:00,7,0.8999999999999773,0
29.6,0.0,75.0,1007.0,21,2026-07-06 21:00:00,7,0.7000000000000455,0
29.3,0.0,78.0,1007.2,22,2026-07-06 22:00:00,7,0.7000000000000455,0
29.2,0.0,79.0,1007.1,23,2026-07-06 23:00:00,7,0.10000000000002274,0
28.4,0.0,78.0,1005.6,0,2026-07-07 00:00:00,7,-1.3999999999999773,0
28.7,0.0,82.0,1006.8,1,2026-07-07 01:00:00,7,-0.40000000000009095,0
28.6,0.0,81.0,1006.9,2,2026-07-07 02:00:00,7,-0.20000000000004547,0
28.5,0.0,80.0,1006.7,3,2026-07-07 03:00:00,7,1.1000000000000227,0
28.6,0.0,78.0,1006.6,4,2026-07-07 04:00:00,7,-0.1999999999999318,0
28.3,0.0,79.0,1006.8,5,2026-07-07 05:00:00,7,-0.10000000000002274,0
28.3,0.0,78.0,1006.8,6,2026-07-07 06:00:00,7,0.09999999999990905,0
29.2,0.0,75.0,1007.1,7,2026-07-07 07:00:00,7,0.5,0
30.6,0.0,68.0,1006.9,8,2026-07-07 08:00:00,7,0.10000000000002274,0
31.5,0.0,64.0,1006.9,9,2026-07-07 09:00:00,7,0.10000000000002274,0
32.1,0.0,64.0,1006.7,10,2026-07-07 10:00:00,7,-0.39999999999997726,0
33.0,0.0,66.0,1006.4,11,2026-07-07 11:00:00,7,-0.5,0
32.6,0.0,67.0,1006.1,12,2026-07-07 12:00:00,7,-0.7999999999999545,0
32.3,0.0,61.0,1005.8,13,2026-07-07 13:00:00,7,-0.900000000000091,0
32.6,0.0,61.0,1005.6,14,2026-07-07 14:00:00,7,-0.7999999999999545,0
33.0,0.0,58.0,1005.3,15,2026-07-07 15:00:00,7,-0.8000000000000682,0
32.3,0.0,59.0,1004.8,16,2026-07-07 16:00:00,7,-1.0,0
32.1,0.0,59.0,1004.7,17,2026-07-07 17:00:00,7,-0.8999999999999773,0
30.8,0.0,63.0,1004.5,18,2026-07-07 18:00:00,7,-0.7999999999999545,0
29.9,0.0,69.0,1004.8,19,2026-07-07 19:00:00,7,0.0,0
29.4,0.0,76.0,1005.3,20,2026-07-07 20:00:00,7,0.599999999999909,0
29.3,0.0,74.0,1005.5,21,2026-07-07 21:00:00,7,1.0,0
29.3,0.0,73.0,1005.8,22,2026-07-07 22:00:00,7,1.0,0
28.9,0.0,76.0,1005.4,23,2026-07-07 23:00:00,7,0.10000000000002274,0
28.7,0.0,82.0,1004.1,0,2026-07-08 00:00:00,7,-1.3999999999999773,0
27.9,0.0,80.0,1005.5,1,2026-07-08 01:00:00,7,-0.2999999999999545,0
27.4,0.0,84.0,1005.8,2,2026-07-08 02:00:00,7,0.39999999999997726,0
27.1,0.0,84.0,1005.6,3,2026-07-08 03:00:00,7,1.5,0
27.5,0.0,81.0,1005.4,4,2026-07-08 04:00:00,7,-0.10000000000002274,0
26.9,0.0,84.0,1005.8,5,2026-07-08 05:00:00,7,0.0,0
27.0,0.0,83.0,1006.2,6,2026-07-08 06:00:00,7,0.6000000000000227,0
28.3,0.0,79.0,1006.4,7,2026-07-08 07:00:00,7,1.0,0
30.3,0.0,71.0,1006.8,8,2026-07-08 08:00:00,7,1.0,0
31.9,0.0,62.0,1006.8,9,2026-07-08 09:00:00,7,0.599999999999909,0
31.9,0.0,66.0,1006.7,10,2026-07-08 10:00:00,7,0.3000000000000682,0
32.3,0.0,67.0,1006.5,11,2026-07-08 11:00:00,7,-0.2999999999999545,0
32.4,0.0,60.0,1005.8,12,2026-07-08 12:00:00,7,-1.0,0
32.5,0.0,62.0,1005.4,13,2026-07-08 13:00:00,7,-1.3000000000000682,0
32.7,0.0,64.0,1004.9,14,2026-07-08 14:00:00,7,-1.6000000000000227,0
32.0,0.0,62.0,1004.3,15,2026-07-08 15:00:00,7,-1.5,0
32.3,0.0,63.0,1003.7,16,2026-07-08 16:00:00,7,-1.6999999999999318,0
31.7,0.0,64.0,1003.3,17,2026-07-08 17:00:00,7,-1.6000000000000227,0
31.3,0.0,64.0,1003.6,18,2026-07-08 18:00:00,7,-0.6999999999999318,0
30.5,0.0,69.0,1003.7,19,2026-07-08 19:00:00,7,0.0,0
30.0,0.0,68.0,1004.1,20,2026-07-08 20:00:00,7,0.8000000000000682,0
30.1,0.0,66.0,1004.4,21,2026-07-08 21:00:00,7,0.7999999999999545,0
29.6,0.0,71.0,1004.8,22,2026-07-08 22:00:00,7,1.099999999999909,0
29.1,0.0,80.0,1004.5,23,2026-07-08 23:00:00,7,0.39999999999997726,0
28.9,0.0,70.0,1000.1,0,2026-07-09 00:00:00,7,-4.2999999999999545,0
28.3,0.0,84.0,1003.7,1,2026-07-09 01:00:00,7,-1.099999999999909,0
27.8,0.0,85.0,1003.4,2,2026-07-09 02:00:00,7,-1.1000000000000227,0
27.4,0.0,85.0,1003.5,3,2026-07-09 03:00:00,7,3.3999999999999773,0
27.2,0.0,82.0,1003.3,4,2026-07-09 04:00:00,7,-0.40000000000009095,0
26.9,0.0,84.0,1003.6,5,2026-07-09 05:00:00,7,0.20000000000004547,0
26.7,0.0,83.0,1004.1,6,2026-07-09 06:00:00,7,0.6000000000000227,0
27.8,0.0,78.0,1004.4,7,2026-07-09 07:00:00,7,1.1000000000000227,0
29.3,0.0,72.0,1004.4,8,2026-07-09 08:00:00,7,0.7999999999999545,0
30.8,0.0,64.0,1004.3,9,2026-07-09 09:00:00,7,0.1999999999999318,0
31.1,0.0,72.0,1004.1,10,2026-07-09 10:00:00,7,-0.2999999999999545,0
32.5,0.0,65.0,1004.0,11,2026-07-09 11:00:00,7,-0.39999999999997726,0
32.7,0.0,63.0,1003.4,12,2026-07-09 12:00:00,7,-0.8999999999999773,0
32.3,0.0,67.0,1002.8,13,2026-07-09 13:00:00,7,-1.3000000000000682,0
33.1,0.0,64.0,1002.1,14,2026-07-09 14:00:00,7,-1.8999999999999773,0
33.4,0.0,60.0,1001.3,15,2026-07-09 15:00:00,7,-2.1000000000000227,0
33.3,0.0,54.0,1000.6,16,2026-07-09 16:00:00,7,-2.199999999999932,0
33.2,0.0,47.0,1000.6,17,2026-07-09 17:00:00,7,-1.5,0
32.1,0.0,52.0,1000.9,18,2026-07-09 18:00:00,7,-0.39999999999997726,0
31.1,0.0,50.0,1001.2,19,2026-07-09 19:00:00,7,0.6000000000000227,0
30.1,0.0,65.0,1001.4,20,2026-07-09 20:00:00,7,0.7999999999999545,0
29.4,0.0,69.0,1001.1,21,2026-07-09 21:00:00,7,0.20000000000004547,0
29.3,0.0,71.0,1001.3,22,2026-07-09 22:00:00,7,0.09999999999990905,0
29.3,0.0,68.0,1000.7,23,2026-07-09 23:00:00,7,-0.6999999999999318,0
27.6,1.5,90.0,991.6,0,2026-07-10 00:00:00,7,-9.5,1
28.6,0.0,74.0,999.6,1,2026-07-10 01:00:00,7,-1.6999999999999318,0
28.5,0.0,70.0,999.3,2,2026-07-10 02:00:00,7,-1.400000000000091,0
28.0,0.0,72.0,998.8,3,2026-07-10 03:00:00,7,7.199999999999932,0
27.7,0.0,75.0,998.7,4,2026-07-10 04:00:00,7,-0.8999999999999773,0
27.9,0.0,81.0,998.9,5,2026-07-10 05:00:00,7,-0.39999999999997726,0
27.2,0.0,74.0,999.5,6,2026-07-10 06:00:00,7,0.7000000000000455,0
29.6,0.0,77.0,999.7,7,2026-07-10 07:00:00,7,1.0,0
30.9,0.0,71.0,999.6,8,2026-07-10 08:00:00,7,0.7000000000000455,0
32.1,0.0,65.0,999.4,9,2026-07-10 09:00:00,7,-0.10000000000002274,0
32.7,0.0,62.0,999.3,10,2026-07-10 10:00:00,7,-0.40000000000009095,0
33.2,0.0,65.0,998.6,11,2026-07-10 11:00:00,7,-1.0,0
30.3,4.0,78.0,998.4,12,2026-07-10 12:00:00,7,-1.0,1
31.2,0.05,73.0,997.8,13,2026-07-10 13:00:00,7,-1.5,0
27.5,2.5,89.0,997.6,14,2026-07-10 14:00:00,7,-1.0,1
29.3,0.5,88.0,996.6,15,2026-07-10 15:00:00,7,-1.7999999999999545,0
28.5,2.5,88.0,995.9,16,2026-07-10 16:00:00,7,-1.8999999999999773,1
28.1,6.0,91.0,995.8,17,2026-07-10 17:00:00,7,-1.8000000000000682,1
27.7,7.5,90.0,995.7,18,2026-07-10 18:00:00,7,-0.8999999999999773,1
28.0,2.5,89.0,995.4,19,2026-07-10 19:00:00,7,-0.5,1
28.0,0.0,90.0,995.2,20,2026-07-10 20:00:00,7,-0.599999999999909,0
26.9,17.0,91.0,995.0,21,2026-07-10 21:00:00,7,-0.7000000000000455,1
28.0,1.0,90.0,994.4,22,2026-07-10 22:00:00,7,-1.0,1
28.0,2.5,89.0,993.0,23,2026-07-10 23:00:00,7,-2.2000000000000455,1
28.7,0.0,69.0,989.2,0,2026-07-11 00:00:00,7,-5.7999999999999545,0
27.6,5.5,89.0,990.0,1,2026-07-11 01:00:00,7,-4.399999999999977,1
27.0,7.0,93.0,989.1,2,2026-07-11 02:00:00,7,-3.8999999999999773,1
26.9,3.0,92.0,988.4,3,2026-07-11 03:00:00,7,-0.8000000000000682,1
27.4,4.5,91.0,987.4,4,2026-07-11 04:00:00,7,-2.6000000000000227,1
27.5,1.5,91.0,986.9,5,2026-07-11 05:00:00,7,-2.2000000000000455,1
27.3,5.5,90.0,987.3,6,2026-07-11 06:00:00,7,-1.1000000000000227,1
27.1,1.5,92.0,986.9,7,2026-07-11 07:00:00,7,-0.5,1
26.9,3.0,94.0,986.7,8,2026-07-11 08:00:00,7,-0.1999999999999318,1
27.6,1.5,88.0,985.9,9,2026-07-11 09:00:00,7,-1.3999999999999773,1
27.0,3.0,95.0,985.4,10,2026-07-11 10:00:00,7,-1.5,1
26.6,8.5,97.0,984.5,11,2026-07-11 11:00:00,7,-2.2000000000000455,1
26.4,13.5,97.0,984.4,12,2026-07-11 12:00:00,7,-1.5,1
26.0,10.0,97.0,984.1,13,2026-07-11 13:00:00,7,-1.2999999999999545,1
25.7,11.5,98.0,984.1,14,2026-07-11 14:00:00,7,-0.39999999999997726,1
25.7,7.5,97.0,984.6,15,2026-07-11 15:00:00,7,0.20000000000004547,1
25.9,8.5,96.0,984.9,16,2026-07-11 16:00:00,7,0.7999999999999545,1
26.2,9.5,96.0,985.7,17,2026-07-11 17:00:00,7,1.6000000000000227,1
25.8,14.5,96.0,986.6,18,2026-07-11 18:00:00,7,2.0,1
25.3,6.0,94.0,987.8,19,2026-07-11 19:00:00,7,2.8999999999999773,1
25.0,1.5,93.0,988.7,20,2026-07-11 20:00:00,7,3.0,1
25.7,0.5,87.0,989.2,21,2026-07-11 21:00:00,7,2.6000000000000227,0
26.7,0.0,80.0,989.8,22,2026-07-11 22:00:00,7,2.0,0
27.4,0.0,76.0,989.6,23,2026-07-11 23:00:00,7,0.8999999999999773,0
28.6,0.0,90.0,1001.3,0,2026-07-12 00:00:00,7,12.099999999999909,0
29.9,0.0,62.0,989.6,1,2026-07-12 01:00:00,7,-0.1999999999999318,0
29.1,0.05,67.0,990.1,2,2026-07-12 02:00:00,7,0.5,0
30.4,0.0,64.0,990.5,3,2026-07-12 03:00:00,7,-10.799999999999955,0
29.5,0.0,67.0,991.4,4,2026-07-12 04:00:00,7,1.7999999999999545,0
28.8,0.05,71.0,993.2,5,2026-07-12 05:00:00,7,3.1000000000000227,0
27.5,0.05,80.0,994.2,6,2026-07-12 06:00:00,7,3.7000000000000455,0
29.1,0.05,72.0,995.4,7,2026-07-12 07:00:00,7,4.0,0
28.8,0.05,76.0,996.4,8,2026-07-12 08:00:00,7,3.199999999999932,0
27.4,0.05,84.0,997.0,9,2026-07-12 09:00:00,7,2.7999999999999545,0
29.4,0.0,76.0,997.0,10,2026-07-12 10:00:00,7,1.6000000000000227,0
31.6,0.0,70.0,997.2,11,2026-07-12 11:00:00,7,0.8000000000000682,0
33.7,0.0,58.0,997.2,12,2026-07-12 12:00:00,7,0.20000000000004547,0
35.3,0.0,53.0,996.8,13,2026-07-12 13:00:00,7,-0.20000000000004547,0
35.0,0.0,58.0,996.7,14,2026-07-12 14:00:00,7,-0.5,0
33.5,0.0,68.0,997.0,15,2026-07-12 15:00:00,7,-0.20000000000004547,0
33.6,0.0,65.0,996.8,16,2026-07-12 16:00:00,7,0.0,0
32.1,0.0,73.0,997.5,17,2026-07-12 17:00:00,7,0.7999999999999545,0
31.3,0.0,78.0,997.6,18,2026-07-12 18:00:00,7,0.6000000000000227,0
30.2,0.0,84.0,998.2,19,2026-07-12 19:00:00,7,1.400000000000091,0
30.1,0.0,84.0,999.7,20,2026-07-12 20:00:00,7,2.2000000000000455,0
29.7,0.0,86.0,1000.4,21,2026-07-12 21:00:00,7,2.7999999999999545,0
29.2,0.0,89.0,1001.0,22,2026-07-12 22:00:00,7,2.7999999999999545,0
28.6,0.0,91.0,1001.4,23,2026-07-12 23:00:00,7,1.6999999999999318,0
27.3,0.0,90.0,1004.8,0,2026-07-13 00:00:00,7,4.399999999999977,0
28.6,0.0,90.0,1001.0,1,2026-07-13 01:00:00,7,0.0,0
28.8,0.0,89.0,1000.9,2,2026-07-13 02:00:00,7,-0.5,0
28.4,0.05,91.0,1001.3,3,2026-07-13 03:00:00,7,-3.5,0
28.3,0.0,92.0,1001.8,4,2026-07-13 04:00:00,7,0.7999999999999545,0
27.6,0.5,96.0,1002.0,5,2026-07-13 05:00:00,7,1.1000000000000227,0
27.7,0.0,94.0,1002.6,6,2026-07-13 06:00:00,7,1.3000000000000682,0
28.6,0.0,85.0,1002.9,7,2026-07-13 07:00:00,7,1.1000000000000227,0
29.3,0.0,80.0,1003.1,8,2026-07-13 08:00:00,7,1.1000000000000227,0
29.7,0.0,77.0,1003.0,9,2026-07-13 09:00:00,7,0.39999999999997726,0
30.9,0.0,74.0,1003.0,10,2026-07-13 10:00:00,7,0.10000000000002274,0
31.5,0.0,71.0,1002.9,11,2026-07-13 11:00:00,7,-0.20000000000004547,0
31.9,0.0,69.0,1002.5,12,2026-07-13 12:00:00,7,-0.5,0
31.6,0.0,73.0,1002.5,13,2026-07-13 13:00:00,7,-0.5,0
30.4,0.0,78.0,1002.1,14,2026-07-13 14:00:00,7,-0.7999999999999545,0
29.4,0.05,83.0,1002.4,15,2026-07-13 15:00:00,7,-0.10000000000002274,0
28.2,5.0,92.0,1002.4,16,2026-07-13 16:00:00,7,-0.10000000000002274,1
28.3,0.5,92.0,1002.7,17,2026-07-13 17:00:00,7,0.6000000000000227,0
28.2,0.0,93.0,1003.2,18,2026-07-13 18:00:00,7,0.8000000000000682,0
28.1,0.0,92.0,1004.2,19,2026-07-13 19:00:00,7,1.8000000000000682,0
27.7,0.0,91.0,1004.2,20,2026-07-13 20:00:00,7,1.5,0
27.5,0.0,91.0,1004.7,21,2026-07-13 21:00:00,7,1.5,0
27.3,0.05,94.0,1005.2,22,2026-07-13 22:00:00,7,1.0,0
27.3,0.0,91.0,1005.3,23,2026-07-13 23:00:00,7,1.099999999999909,0
26.4,1.0,95.0,1007.1,0,2026-07-14 00:00:00,7,2.3999999999999773,1
27.1,0.0,92.0,1004.8,1,2026-07-14 01:00:00,7,-0.40000000000009095,0
27.2,0.0,91.0,1004.5,2,2026-07-14 02:00:00,7,-0.7999999999999545,0
26.9,0.0,91.0,1004.2,3,2026-07-14 03:00:00,7,-2.8999999999999773,0
26.7,0.0,93.0,1003.7,4,2026-07-14 04:00:00,7,-1.099999999999909,0
26.6,0.0,91.0,1003.6,5,2026-07-14 05:00:00,7,-0.8999999999999773,0
26.9,0.0,89.0,1004.0,6,2026-07-14 06:00:00,7,-0.20000000000004547,0
28.6,0.0,85.0,1004.7,7,2026-07-14 07:00:00,7,1.0,0
30.0,0.0,79.0,1005.0,8,2026-07-14 08:00:00,7,1.3999999999999773,0
30.7,0.0,77.0,1005.5,9,2026-07-14 09:00:00,7,1.5,0
31.6,0.0,75.0,1005.8,10,2026-07-14 10:00:00,7,1.099999999999909,0
31.6,0.0,73.0,1005.9,11,2026-07-14 11:00:00,7,0.8999999999999773,0
32.0,0.0,71.0,1005.7,12,2026-07-14 12:00:00,7,0.20000000000004547,0
31.3,0.0,74.0,1005.4,13,2026-07-14 13:00:00,7,-0.39999999999997726,0
31.3,0.0,75.0,1005.0,14,2026-07-14 14:00:00,7,-0.8999999999999773,0
30.2,0.05,80.0,1005.0,15,2026-07-14 15:00:00,7,-0.7000000000000455,0
28.1,3.5,95.0,1005.5,16,2026-07-14 16:00:00,7,0.10000000000002274,1
26.6,9.0,96.0,1005.9,17,2026-07-14 17:00:00,7,0.8999999999999773,1
26.2,1.5,94.0,1005.5,18,2026-07-14 18:00:00,7,0.5,1
26.8,1.0,94.0,1005.9,19,2026-07-14 19:00:00,7,0.39999999999997726,1
26.8,0.5,93.0,1006.0,20,2026-07-14 20:00:00,7,0.10000000000002274,0
27.0,0.0,94.0,1006.7,21,2026-07-14 21:00:00,7,1.2000000000000455,0
26.8,0.0,93.0,1007.3,22,2026-07-14 22:00:00,7,1.3999999999999773,0
26.6,0.05,93.0,1007.5,23,2026-07-14 23:00:00,7,1.5,0
29.0,0.0,77.0,1006.6,0,2026-07-15 00:00:00,7,-0.10000000000002274,0
26.2,0.0,94.0,1006.8,1,2026-07-15 01:00:00,7,-0.5,0
26.3,0.0,94.0,1006.3,2,2026-07-15 02:00:00,7,-1.2000000000000455,0
25.6,0.0,96.0,1005.8,3,2026-07-15 03:00:00,7,-0.8000000000000682,0
25.9,0.0,92.0,1005.5,4,2026-07-15 04:00:00,7,-1.2999999999999545,0
25.4,0.0,96.0,1006.0,5,2026-07-15 05:00:00,7,-0.2999999999999545,0
25.6,0.0,96.0,1006.0,6,2026-07-15 06:00:00,7,0.20000000000004547,0
27.1,0.0,86.0,1006.2,7,2026-07-15 07:00:00,7,0.7000000000000455,0
28.8,0.0,80.0,1006.7,8,2026-07-15 08:00:00,7,0.7000000000000455,0
30.5,0.0,74.0,1007.0,9,2026-07-15 09:00:00,7,1.0,0
32.3,0.0,61.0,1006.9,10,2026-07-15 10:00:00,7,0.6999999999999318,0
33.2,0.0,57.0,1006.6,11,2026-07-15 11:00:00,7,-0.10000000000002274,0
33.2,0.0,59.0,1006.2,12,2026-07-15 12:00:00,7,-0.7999999999999545,0
33.5,0.0,59.0,1005.7,13,2026-07-15 13:00:00,7,-1.1999999999999318,0
32.7,0.0,63.0,1005.4,14,2026-07-15 14:00:00,7,-1.2000000000000455,0
32.5,0.0,65.0,1004.7,15,2026-07-15 15:00:00,7,-1.5,0
32.2,0.0,68.0,1004.2,16,2026-07-15 16:00:00,7,-1.5,0
31.5,0.0,67.0,1004.5,17,2026-07-15 17:00:00,7,-0.8999999999999773,0
30.9,0.0,69.0,1004.4,18,2026-07-15 18:00:00,7,-0.3000000000000682,0
30.4,0.0,72.0,1004.9,19,2026-07-15 19:00:00,7,0.6999999999999318,0
29.7,0.0,78.0,1005.3,20,2026-07-15 20:00:00,7,0.7999999999999545,0
29.7,0.0,77.0,1006.3,21,2026-07-15 21:00:00,7,1.8999999999999773,0
29.5,0.0,75.0,1006.8,22,2026-07-15 22:00:00,7,1.8999999999999773,0
29.5,0.0,75.0,1006.9,23,2026-07-15 23:00:00,7,1.6000000000000227,0
29.4,0.0,71.0,1004.7,0,2026-07-16 00:00:00,7,-1.599999999999909,0
28.4,0.0,81.0,1006.2,1,2026-07-16 01:00:00,7,-0.599999999999909,0
28.4,0.0,80.0,1006.1,2,2026-07-16 02:00:00,7,-0.7999999999999545,0
28.0,0.0,84.0,1005.6,3,2026-07-16 03:00:00,7,0.8999999999999773,0
28.1,0.0,78.0,1005.2,4,2026-07-16 04:00:00,7,-1.0,0
27.1,0.0,89.0,1004.9,5,2026-07-16 05:00:00,7,-1.2000000000000455,0
27.6,0.0,87.0,1005.2,6,2026-07-16 06:00:00,7,-0.39999999999997726,0
29.0,0.0,75.0,1005.4,7,2026-07-16 07:00:00,7,0.1999999999999318,0
30.1,0.0,69.0,1005.8,8,2026-07-16 08:00:00,7,0.8999999999999773,0
31.5,0.0,65.0,1005.6,9,2026-07-16 09:00:00,7,0.39999999999997726,0
31.9,0.0,67.0,1005.8,10,2026-07-16 10:00:00,7,0.39999999999997726,0
32.7,0.0,68.0,1005.4,11,2026-07-16 11:00:00,7,-0.39999999999997726,0
31.8,0.0,70.0,1005.1,12,2026-07-16 12:00:00,7,-0.5,0
31.8,0.0,66.0,1004.7,13,2026-07-16 13:00:00,7,-1.099999999999909,0
31.8,0.0,65.0,1004.1,14,2026-07-16 14:00:00,7,-1.2999999999999545,0
31.8,0.0,68.0,1003.7,15,2026-07-16 15:00:00,7,-1.3999999999999773,0
31.4,0.0,69.0,1003.5,16,2026-07-16 16:00:00,7,-1.2000000000000455,0
30.7,0.0,77.0,1003.4,17,2026-07-16 17:00:00,7,-0.7000000000000455,0
30.0,0.0,78.0,1003.7,18,2026-07-16 18:00:00,7,0.0,0
29.4,0.0,83.0,1004.0,19,2026-07-16 19:00:00,7,0.5,0
29.6,0.0,80.0,1004.0,20,2026-07-16 20:00:00,7,0.6000000000000227,0
30.0,0.0,71.0,1004.4,21,2026-07-16 21:00:00,7,0.6999999999999318,0
29.5,0.0,72.0,1005.1,22,2026-07-16 22:00:00,7,1.1000000000000227,0
29.2,0.0,73.0,1005.0,23,2026-07-16 23:00:00,7,1.0,0
29.4,0.0,68.0,1003.3,0,2026-07-17 00:00:00,7,-1.1000000000000227,0
29.2,0.0,67.0,1003.9,1,2026-07-17 01:00:00,7,-1.2000000000000455,0
28.2,0.0,73.0,1003.5,2,2026-07-17 02:00:00,7,-1.5,0
28.1,0.0,75.0,1003.4,3,2026-07-17 03:00:00,7,0.10000000000002274,0
28.0,0.0,77.0,1003.4,4,2026-07-17 04:00:00,7,-0.5,0
28.0,0.0,76.0,1003.7,5,2026-07-17 05:00:00,7,0.20000000000004547,0
28.3,0.0,74.0,1004.2,6,2026-07-17 06:00:00,7,0.8000000000000682,0
29.3,0.0,70.0,1004.6,7,2026-07-17 07:00:00,7,1.2000000000000455,0
30.5,0.0,66.0,1004.5,8,2026-07-17 08:00:00,7,0.7999999999999545,0
31.7,0.0,61.0,1004.2,9,2026-07-17 09:00:00,7,0.0,0
32.5,0.0,61.0,1003.9,10,2026-07-17 10:00:00,7,-0.7000000000000455,0
33.3,0.0,63.0,1003.5,11,2026-07-17 11:00:00,7,-1.0,0
33.5,0.0,64.0,1003.1,12,2026-07-17 12:00:00,7,-1.1000000000000227,0
32.7,0.0,65.0,1002.4,13,2026-07-17 13:00:00,7,-1.5,0
31.9,0.0,70.0,1002.0,14,2026-07-17 14:00:00,7,-1.5,0
31.7,0.0,70.0,1001.6,15,2026-07-17 15:00:00,7,-1.5,0
30.9,0.0,71.0,1001.4,16,2026-07-17 16:00:00,7,-1.0,0
30.8,0.0,71.0,1001.2,17,2026-07-17 17:00:00,7,-0.7999999999999545,0
30.9,0.0,72.0,1001.7,18,2026-07-17 18:00:00,7,0.10000000000002274,0
30.1,0.0,75.0,1002.3,19,2026-07-17 19:00:00,7,0.8999999999999773,0
30.1,0.0,69.0,1002.5,20,2026-07-17 20:00:00,7,1.2999999999999545,0
29.4,0.0,70.0,1002.9,21,2026-07-17 21:00:00,7,1.1999999999999318,0
28.9,0.0,70.0,1003.7,22,2026-07-17 22:00:00,7,1.400000000000091,0
29.2,0.0,68.0,1003.9,23,2026-07-17 23:00:00,7,1.3999999999999773,0
28.8,0.0,70.0,1003.2,0,2026-07-18 00:00:00,7,0.3000000000000682,0
29.2,0.0,66.0,1002.8,1,2026-07-18 01:00:00,7,-0.900000000000091,0
29.4,0.0,64.0,1001.8,2,2026-07-18 02:00:00,7,-2.1000000000000227,0
29.0,0.0,69.0,1001.3,3,2026-07-18 03:00:00,7,-1.900000000000091,0
29.1,0.0,65.0,1001.2,4,2026-07-18 04:00:00,7,-1.599999999999909,0
28.7,0.0,68.0,1001.3,5,2026-07-18 05:00:00,7,-0.5,0
28.3,0.0,72.0,1002.2,6,2026-07-18 06:00:00,7,0.900000000000091,0
29.5,0.0,66.0,1002.5,7,2026-07-18 07:00:00,7,1.2999999999999545,0
30.9,0.0,63.0,1003.0,8,2026-07-18 08:00:00,7,1.7000000000000455,0
31.8,0.0,59.0,1003.0,9,2026-07-18 09:00:00,7,0.7999999999999545,0
32.4,0.0,61.0,1002.9,10,2026-07-18 10:00:00,7,0.39999999999997726,0
33.3,0.0,59.0,1002.9,11,2026-07-18 11:00:00,7,-0.10000000000002274,0
32.6,0.0,61.0,1002.9,12,2026-07-18 12:00:00,7,-0.10000000000002274,0
32.9,0.0,59.0,1002.3,13,2026-07-18 13:00:00,7,-0.6000000000000227,0
32.0,0.0,66.0,1001.8,14,2026-07-18 14:00:00,7,-1.1000000000000227,0
31.3,0.0,69.0,1001.6,15,2026-07-18 15:00:00,7,-1.2999999999999545,0
31.3,0.0,68.0,1001.9,16,2026-07-18 16:00:00,7,-0.39999999999997726,0
31.3,0.0,69.0,1002.0,17,2026-07-18 17:00:00,7,0.20000000000004547,0
29.4,0.0,69.0,1001.7,18,2026-07-18 18:00:00,7,0.10000000000002274,0
29.3,0.0,71.0,1001.8,19,2026-07-18 19:00:00,7,-0.10000000000002274,0
29.2,0.0,71.0,1001.9,20,2026-07-18 20:00:00,7,-0.10000000000002274,0
29.2,0.0,70.0,1002.7,21,2026-07-18 21:00:00,7,1.0,0
28.8,0.0,72.0,1003.2,22,2026-07-18 22:00:00,7,1.400000000000091,0
28.8,0.0,71.0,1003.4,23,2026-07-18 23:00:00,7,1.5,0
28.5,0.0,77.0,1003.7,0,2026-07-19 00:00:00,7,1.0,0
28.9,0.0,69.0,1002.6,1,2026-07-19 01:00:00,7,-0.6000000000000227,0
28.7,0.0,69.0,1002.5,2,2026-07-19 02:00:00,7,-0.8999999999999773,0
28.6,0.0,69.0,1002.7,3,2026-07-19 03:00:00,7,-1.0,0
28.8,0.0,69.0,1002.8,4,2026-07-19 04:00:00,7,0.1999999999999318,0
28.5,0.0,70.0,1002.8,5,2026-07-19 05:00:00,7,0.2999999999999545,0
28.3,0.0,71.0,1003.2,6,2026-07-19 06:00:00,7,0.5,0
29.3,0.0,68.0,1003.5,7,2026-07-19 07:00:00,7,0.7000000000000455,0
30.6,0.0,65.0,1003.7,8,2026-07-19 08:00:00,7,0.900000000000091,0
31.7,0.0,63.0,1003.9,9,2026-07-19 09:00:00,7,0.6999999999999318,0
31.6,0.0,65.0,1004.2,10,2026-07-19 10:00:00,7,0.7000000000000455,0
29.4,0.0,76.0,1004.6,11,2026-07-19 11:00:00,7,0.8999999999999773,0
30.2,0.0,71.0,1003.5,12,2026-07-19 12:00:00,7,-0.39999999999997726,0
30.7,0.0,71.0,1002.6,13,2026-07-19 13:00:00,7,-1.6000000000000227,0
31.3,0.0,72.0,1001.7,14,2026-07-19 14:00:00,7,-2.8999999999999773,0
32.3,0.0,70.0,1000.9,15,2026-07-19 15:00:00,7,-2.6000000000000227,0
31.1,0.0,77.0,1000.9,16,2026-07-19 16:00:00,7,-1.7000000000000455,0
31.4,0.0,72.0,1001.6,17,2026-07-19 17:00:00,7,-0.10000000000002274,0
31.3,0.0,67.0,1002.5,18,2026-07-19 18:00:00,7,1.6000000000000227,0
30.9,0.0,68.0,1003.1,19,2026-07-19 19:00:00,7,2.2000000000000455,0
30.5,0.0,65.0,1003.4,20,2026-07-19 20:00:00,7,1.7999999999999545,0
30.1,0.0,66.0,1003.6,21,2026-07-19 21:00:00,7,1.1000000000000227,0
29.6,0.0,69.0,1003.3,22,2026-07-19 22:00:00,7,0.1999999999999318,0
28.4,0.0,79.0,1003.6,23,2026-07-19 23:00:00,7,0.20000000000004547,0
28.3,0.0,79.0,1005.4,0,2026-07-20 00:00:00,7,1.7999999999999545,0
28.3,0.0,76.0,1003.9,1,2026-07-20 01:00:00,7,0.6000000000000227,0
27.9,0.0,79.0,1004.3,2,2026-07-20 02:00:00,7,0.6999999999999318,0
28.0,0.0,73.0,1004.2,3,2026-07-20 03:00:00,7,-1.1999999999999318,0
28.2,0.0,69.0,1003.9,4,2026-07-20 04:00:00,7,0.0,0
28.4,0.0,67.0,1003.6,5,2026-07-20 05:00:00,7,-0.6999999999999318,0
26.8,0.0,77.0,1004.0,6,2026-07-20 06:00:00,7,-0.20000000000004547,0
28.2,0.0,73.0,1004.3,7,2026-07-20 07:00:00,7,0.39999999999997726,0
30.9,0.0,65.0,1004.4,8,2026-07-20 08:00:00,7,0.7999999999999545,0
31.9,0.0,59.0,1004.8,9,2026-07-20 09:00:00,7,0.7999999999999545,0
30.8,0.0,69.0,1005.1,10,2026-07-20 10:00:00,7,0.8000000000000682,0
30.6,0.0,63.0,1004.9,11,2026-07-20 11:00:00,7,0.5,0
32.1,0.0,59.0,1004.1,12,2026-07-20 12:00:00,7,-0.6999999999999318,0
32.6,0.0,64.0,1003.7,13,2026-07-20 13:00:00,7,-1.3999999999999773,0
33.3,0.0,65.0,1003.0,14,2026-07-20 14:00:00,7,-1.8999999999999773,0
32.1,0.0,64.0,1003.1,15,2026-07-20 15:00:00,7,-1.0,0
31.5,0.0,59.0,1003.3,16,2026-07-20 16:00:00,7,-0.40000000000009095,0
31.2,0.0,65.0,1003.2,17,2026-07-20 17:00:00,7,0.20000000000004547,0
30.0,0.0,70.0,1004.0,18,2026-07-20 18:00:00,7,0.8999999999999773,0
29.0,0.0,74.0,1004.8,19,2026-07-20 19:00:00,7,1.5,0
28.7,0.0,78.0,1004.9,20,2026-07-20 20:00:00,7,1.6999999999999318,0
28.9,0.0,78.0,1005.2,21,2026-07-20 21:00:00,7,1.2000000000000455,0
29.0,0.0,78.0,1005.7,22,2026-07-20 22:00:00,7,0.900000000000091,0
28.7,0.0,80.0,1005.6,23,2026-07-20 23:00:00,7,0.7000000000000455,0
26.9,0.0,77.0,1006.7,0,2026-07-21 00:00:00,7,1.5,0
28.2,0.0,79.0,1005.3,1,2026-07-21 01:00:00,7,-0.40000000000009095,0
28.1,0.0,78.0,1005.3,2,2026-07-21 02:00:00,7,-0.3000000000000682,0
27.7,0.0,80.0,1005.5,3,2026-07-21 03:00:00,7,-1.2000000000000455,0
27.5,0.0,79.0,1005.7,4,2026-07-21 04:00:00,7,0.40000000000009095,0
27.0,0.0,80.0,1005.8,5,2026-07-21 05:00:00,7,0.5,0
27.1,0.0,79.0,1006.6,6,2026-07-21 06:00:00,7,1.1000000000000227,0
28.2,0.0,75.0,1007.0,7,2026-07-21 07:00:00,7,1.2999999999999545,0
30.6,0.0,69.0,1006.9,8,2026-07-21 08:00:00,7,1.1000000000000227,0
31.7,0.0,67.0,1006.7,9,2026-07-21 09:00:00,7,0.10000000000002274,0
31.5,0.0,69.0,1006.4,10,2026-07-21 10:00:00,7,-0.6000000000000227,0
32.6,0.0,68.0,1005.7,11,2026-07-21 11:00:00,7,-1.1999999999999318,0
32.5,0.0,70.0,1005.5,12,2026-07-21 12:00:00,7,-1.2000000000000455,0
32.3,0.0,67.0,1005.4,13,2026-07-21 13:00:00,7,-1.0,0
32.4,0.0,64.0,1004.9,14,2026-07-21 14:00:00,7,-0.8000000000000682,0
32.6,0.0,64.0,1004.8,15,2026-07-21 15:00:00,7,-0.7000000000000455,0
30.5,0.0,70.0,1005.4,16,2026-07-21 16:00:00,7,0.0,0
28.4,0.0,81.0,1005.9,17,2026-07-21 17:00:00,7,1.0,0
28.9,0.05,79.0,1005.7,18,2026-07-21 18:00:00,7,0.900000000000091,0
27.8,0.05,83.0,1005.8,19,2026-07-21 19:00:00,7,0.39999999999997726,0
27.7,0.0,83.0,1006.1,20,2026-07-21 20:00:00,7,0.20000000000004547,0
27.7,0.0,82.0,1006.6,21,2026-07-21 21:00:00,7,0.8999999999999773,0
27.7,0.0,76.0,1007.2,22,2026-07-21 22:00:00,7,1.400000000000091,0
27.3,0.0,76.0,1007.0,23,2026-07-21 23:00:00,7,0.8999999999999773,0
28.1,0.0,81.0,1005.7,0,2026-07-22 00:00:00,7,-0.8999999999999773,0
26.7,0.0,77.0,1006.4,1,2026-07-22 01:00:00,7,-0.8000000000000682,0
26.3,0.0,77.0,1006.0,2,2026-07-22 02:00:00,7,-1.0,0
26.1,0.0,80.0,1005.9,3,2026-07-22 03:00:00,7,0.1999999999999318,0
26.2,0.0,77.0,1006.3,4,2026-07-22 04:00:00,7,-0.10000000000002274,0
25.8,0.0,78.0,1006.4,5,2026-07-22 05:00:00,7,0.39999999999997726,0
26.1,0.0,78.0,1006.9,6,2026-07-22 06:00:00,7,1.0,0
26.7,0.0,77.0,1007.4,7,2026-07-22 07:00:00,7,1.1000000000000227,0
29.2,0.0,71.0,1007.1,8,2026-07-22 08:00:00,7,0.7000000000000455,0
30.6,0.0,71.0,1006.9,9,2026-07-22 09:00:00,7,0.0,0
31.1,0.0,72.0,1006.8,10,2026-07-22 10:00:00,7,-0.6000000000000227,0
31.8,0.0,70.0,1006.8,11,2026-07-22 11:00:00,7,-0.3000000000000682,0
32.1,0.0,68.0,1006.3,12,2026-07-22 12:00:00,7,-0.6000000000000227,0
31.9,0.0,67.0,1005.9,13,2026-07-22 13:00:00,7,-0.8999999999999773,0
32.2,0.0,65.0,1005.4,14,2026-07-22 14:00:00,7,-1.3999999999999773,0
32.1,0.0,69.0,1005.1,15,2026-07-22 15:00:00,7,-1.1999999999999318,0
31.6,0.0,68.0,1004.6,16,2026-07-22 16:00:00,7,-1.2999999999999545,0
31.3,0.0,67.0,1004.5,17,2026-07-22 17:00:00,7,-0.8999999999999773,0
31.1,0.0,68.0,1004.5,18,2026-07-22 18:00:00,7,-0.6000000000000227,0
30.6,0.0,70.0,1004.9,19,2026-07-22 19:00:00,7,0.2999999999999545,0
30.3,0.0,73.0,1005.4,20,2026-07-22 20:00:00,7,0.8999999999999773,0
29.6,0.0,77.0,1005.9,21,2026-07-22 21:00:00,7,1.3999999999999773,0
29.5,0.0,77.0,1006.2,22,2026-07-22 22:00:00,7,1.3000000000000682,0
28.9,0.0,79.0,1006.1,23,2026-07-22 23:00:00,7,0.7000000000000455,0
28.1,0.0,83.0,1004.4,0,2026-07-23 00:00:00,7,-1.5,0
28.0,0.0,80.0,1005.3,1,2026-07-23 01:00:00,7,-0.900000000000091,0
27.8,0.0,80.0,1004.9,2,2026-07-23 02:00:00,7,-1.2000000000000455,0
27.3,0.0,83.0,1004.7,3,2026-07-23 03:00:00,7,0.3000000000000682,0
27.0,0.0,82.0,1004.8,4,2026-07-23 04:00:00,7,-0.5,0
27.0,0.0,82.0,1004.7,5,2026-07-23 05:00:00,7,-0.1999999999999318,0
27.1,0.0,82.0,1005.1,6,2026-07-23 06:00:00,7,0.39999999999997726,0
28.1,0.0,79.0,1005.5,7,2026-07-23 07:00:00,7,0.7000000000000455,0
29.8,0.0,75.0,1005.9,8,2026-07-23 08:00:00,7,1.1999999999999318,0
30.9,0.0,72.0,1006.2,9,2026-07-23 09:00:00,7,1.1000000000000227,0
30.3,0.0,73.0,1006.2,10,2026-07-23 10:00:00,7,0.7000000000000455,0
30.3,0.0,78.0,1006.3,11,2026-07-23 11:00:00,7,0.39999999999997726,0
31.2,0.0,72.0,1005.8,12,2026-07-23 12:00:00,7,-0.40000000000009095,0
31.2,0.0,68.0,1005.6,13,2026-07-23 13:00:00,7,-0.6000000000000227,0
32.0,0.0,67.0,1005.1,14,2026-07-23 14:00:00,7,-1.1999999999999318,0
31.9,0.0,67.0,1004.6,15,2026-07-23 15:00:00,7,-1.1999999999999318,0
32.1,0.0,65.0,1004.0,16,2026-07-23 16:00:00,7,-1.6000000000000227,0
32.2,0.0,62.0,1003.8,17,2026-07-23 17:00:00,7,-1.3000000000000682,0
31.7,0.0,64.0,1003.8,18,2026-07-23 18:00:00,7,-0.8000000000000682,0
31.3,0.0,69.0,1004.1,19,2026-07-23 19:00:00,7,0.10000000000002274,0
30.7,0.0,70.0,1004.7,20,2026-07-23 20:00:00,7,0.900000000000091,0
30.1,0.0,74.0,1005.0,21,2026-07-23 21:00:00,7,1.2000000000000455,0
29.4,0.0,77.0,1004.9,22,2026-07-23 22:00:00,7,0.7999999999999545,0
28.5,0.0,83.0,1004.6,23,2026-07-23 23:00:00,7,-0.10000000000002274,0
29.2,0.0,82.0,1000.3,0,2026-07-24 00:00:00,7,-4.7000000000000455,0
27.7,0.0,83.0,1003.6,1,2026-07-24 01:00:00,7,-1.2999999999999545,0
27.4,0.0,82.0,1003.1,2,2026-07-24 02:00:00,7,-1.5,0
27.0,0.0,82.0,1003.1,3,2026-07-24 03:00:00,7,2.800000000000068,0
27.1,0.0,80.0,1003.2,4,2026-07-24 04:00:00,7,-0.39999999999997726,0
27.0,0.0,79.0,1003.4,5,2026-07-24 05:00:00,7,0.2999999999999545,0
26.8,0.0,81.0,1003.7,6,2026-07-24 06:00:00,7,0.6000000000000227,0
28.0,0.0,80.0,1004.1,7,2026-07-24 07:00:00,7,0.8999999999999773,0
29.6,0.0,81.0,1004.1,8,2026-07-24 08:00:00,7,0.7000000000000455,0
30.0,0.0,76.0,1004.3,9,2026-07-24 09:00:00,7,0.599999999999909,0
30.8,0.0,74.0,1004.1,10,2026-07-24 10:00:00,7,0.0,0
31.6,0.0,73.0,1003.9,11,2026-07-24 11:00:00,7,-0.20000000000004547,0
32.0,0.0,71.0,1003.2,12,2026-07-24 12:00:00,7,-1.099999999999909,0
31.9,0.0,74.0,1002.4,13,2026-07-24 13:00:00,7,-1.7000000000000455,0
31.7,0.0,73.0,1001.5,14,2026-07-24 14:00:00,7,-2.3999999999999773,0
31.9,0.0,71.0,1000.8,15,2026-07-24 15:00:00,7,-2.400000000000091,0
32.2,0.0,70.0,1000.0,16,2026-07-24 16:00:00,7,-2.3999999999999773,0
32.4,0.0,66.0,999.7,17,2026-07-24 17:00:00,7,-1.7999999999999545,0
32.0,0.0,69.0,999.5,18,2026-07-24 18:00:00,7,-1.2999999999999545,0
31.4,0.0,69.0,999.8,19,2026-07-24 19:00:00,7,-0.20000000000004547,0
30.9,0.0,70.0,1000.2,20,2026-07-24 20:00:00,7,0.5,0
31.0,0.0,66.0,1000.2,21,2026-07-24 21:00:00,7,0.7000000000000455,0
31.3,0.0,61.0,1000.6,22,2026-07-24 22:00:00,7,0.8000000000000682,0
30.3,0.0,69.0,1000.5,23,2026-07-24 23:00:00,7,0.2999999999999545,0
28.5,0.0,86.0,1005.4,0,2026-07-25 00:00:00,7,5.199999999999932,0
28.9,0.0,79.0,1000.4,1,2026-07-25 01:00:00,7,-0.20000000000004547,0
29.4,0.0,77.0,1000.8,2,2026-07-25 02:00:00,7,0.2999999999999545,0
28.3,0.0,81.0,1001.1,3,2026-07-25 03:00:00,7,-4.2999999999999545,0
28.1,0.0,82.0,1001.0,4,2026-07-25 04:00:00,7,0.6000000000000227,0
28.1,0.0,83.0,1001.1,5,2026-07-25 05:00:00,7,0.3000000000000682,0
28.1,0.0,82.0,1002.0,6,2026-07-25 06:00:00,7,0.8999999999999773,0
29.2,0.0,76.0,1002.2,7,2026-07-25 07:00:00,7,1.2000000000000455,0
30.2,0.0,72.0,1002.8,8,2026-07-25 08:00:00,7,1.6999999999999318,0
31.1,0.0,76.0,1002.8,9,2026-07-25 09:00:00,7,0.7999999999999545,0
32.8,0.0,70.0,1002.8,10,2026-07-25 10:00:00,7,0.599999999999909,0
33.1,0.0,64.0,1002.7,11,2026-07-25 11:00:00,7,-0.09999999999990905,0
34.1,0.0,64.0,1002.7,12,2026-07-25 12:00:00,7,-0.09999999999990905,0
33.9,0.0,67.0,1003.1,13,2026-07-25 13:00:00,7,0.3000000000000682,0
33.1,0.0,71.0,1003.3,14,2026-07-25 14:00:00,7,0.599999999999909,0
32.6,0.0,70.0,1003.3,15,2026-07-25 15:00:00,7,0.599999999999909,0
31.1,0.05,76.0,1003.7,16,2026-07-25 16:00:00,7,0.6000000000000227,0
29.1,0.5,84.0,1004.3,17,2026-07-25 17:00:00,7,1.0,0
29.0,0.0,81.0,1004.0,18,2026-07-25 18:00:00,7,0.7000000000000455,0
29.3,0.0,76.0,1004.7,19,2026-07-25 19:00:00,7,1.0,0
29.7,0.0,76.0,1005.1,20,2026-07-25 20:00:00,7,0.8000000000000682,0
29.1,0.0,77.0,1005.6,21,2026-07-25 21:00:00,7,1.6000000000000227,0
29.2,0.0,81.0,1005.8,22,2026-07-25 22:00:00,7,1.099999999999909,0
28.8,0.0,83.0,1005.8,23,2026-07-25 23:00:00,7,0.6999999999999318,0
28.6,0.0,77.0,1004.5,0,2026-07-26 00:00:00,7,-1.1000000000000227,0
28.4,0.0,88.0,1005.1,1,2026-07-26 01:00:00,7,-0.6999999999999318,0
28.3,0.0,84.0,1004.3,2,2026-07-26 02:00:00,7,-1.5,0
28.1,0.0,84.0,1004.3,3,2026-07-26 03:00:00,7,-0.20000000000004547,0
28.0,0.0,84.0,1004.6,4,2026-07-26 04:00:00,7,-0.5,0
27.6,0.0,83.0,1005.0,5,2026-07-26 05:00:00,7,0.7000000000000455,0
27.4,0.0,84.0,1005.3,6,2026-07-26 06:00:00,7,1.0,0
28.1,0.0,82.0,1005.7,7,2026-07-26 07:00:00,7,1.1000000000000227,0
28.5,0.0,80.0,1006.0,8,2026-07-26 08:00:00,7,1.0,0
29.7,0.0,75.0,1006.0,9,2026-07-26 09:00:00,7,0.7000000000000455,0
30.5,0.0,78.0,1005.6,10,2026-07-26 10:00:00,7,-0.10000000000002274,0
31.0,0.0,73.0,1005.3,11,2026-07-26 11:00:00,7,-0.7000000000000455,0
31.5,0.0,67.0,1004.8,12,2026-07-26 12:00:00,7,-1.2000000000000455,0
32.1,0.0,67.0,1004.6,13,2026-07-26 13:00:00,7,-1.0,0
31.6,0.0,64.0,1003.8,14,2026-07-26 14:00:00,7,-1.5,0
31.1,0.0,64.0,1003.7,15,2026-07-26 15:00:00,7,-1.099999999999909,0
30.8,0.0,68.0,1003.8,16,2026-07-26 16:00:00,7,-0.8000000000000682,0
30.3,0.0,71.0,1003.9,17,2026-07-26 17:00:00,7,0.10000000000002274,0
30.3,0.0,72.0,1004.0,18,2026-07-26 18:00:00,7,0.2999999999999545,0
30.0,0.0,71.0,1004.2,19,2026-07-26 19:00:00,7,0.40000000000009095,0
29.7,0.0,74.0,1004.3,20,2026-07-26 20:00:00,7,0.39999999999997726,0
29.2,0.0,78.0,1004.5,21,2026-07-26 21:00:00,7,0.5,0
28.7,0.0,77.0,1004.5,22,2026-07-26 22:00:00,7,0.2999999999999545,0
28.6,0.0,78.0,1004.6,23,2026-07-26 23:00:00,7,0.3000000000000682,0
25.8,0.0,95.0,1008.1,0,2026-07-27 00:00:00,7,3.6000000000000227,0
28.0,0.0,79.0,1004.2,1,2026-07-27 01:00:00,7,-0.2999999999999545,0
27.4,0.0,85.0,1004.4,2,2026-07-27 02:00:00,7,-0.20000000000004547,0
27.3,0.0,86.0,1004.9,3,2026-07-27 03:00:00,7,-3.2000000000000455,0
27.4,0.0,84.0,1005.0,4,2026-07-27 04:00:00,7,0.7999999999999545,0
27.4,0.0,81.0,1005.1,5,2026-07-27 05:00:00,7,0.7000000000000455,0
27.4,0.0,83.0,1005.7,6,2026-07-27 06:00:00,7,0.8000000000000682,0
27.7,0.0,82.0,1006.2,7,2026-07-27 07:00:00,7,1.2000000000000455,0
29.2,0.0,80.0,1006.4,8,2026-07-27 08:00:00,7,1.2999999999999545,0
29.5,0.0,78.0,1006.5,9,2026-07-27 09:00:00,7,0.7999999999999545,0
28.6,0.05,84.0,1006.5,10,2026-07-27 10:00:00,7,0.2999999999999545,0
29.0,0.0,84.0,1006.7,11,2026-07-27 11:00:00,7,0.3000000000000682,0
27.3,27.0,96.0,1007.0,12,2026-07-27 12:00:00,7,0.5,1
27.9,8.5,95.0,1006.8,13,2026-07-27 13:00:00,7,0.2999999999999545,1
28.2,1.0,88.0,1006.5,14,2026-07-27 14:00:00,7,-0.20000000000004547,1
28.4,0.05,92.0,1006.2,15,2026-07-27 15:00:00,7,-0.7999999999999545,0
28.4,0.0,88.0,1005.9,16,2026-07-27 16:00:00,7,-0.8999999999999773,0
27.4,1.0,93.0,1006.4,17,2026-07-27 17:00:00,7,-0.10000000000002274,1
26.6,3.0,95.0,1007.0,18,2026-07-27 18:00:00,7,0.7999999999999545,1
26.1,2.0,95.0,1007.7,19,2026-07-27 19:00:00,7,1.8000000000000682,1
24.7,13.0,97.0,1008.2,20,2026-07-27 20:00:00,7,1.8000000000000682,1
25.0,4.5,97.0,1008.5,21,2026-07-27 21:00:00,7,1.5,1
25.4,0.5,94.0,1008.6,22,2026-07-27 22:00:00,7,0.8999999999999773,0
25.8,0.0,94.0,1008.3,23,2026-07-27 23:00:00,7,0.09999999999990905,0
28.4,0.0,87.0,1009.4,0,2026-07-28 00:00:00,7,0.8999999999999773,0
25.4,0.0,97.0,1008.1,1,2026-07-28 01:00:00,7,-0.5,0
25.6,0.0,98.0,1007.9,2,2026-07-28 02:00:00,7,-0.39999999999997726,0
25.7,0.0,96.0,1008.0,3,2026-07-28 03:00:00,7,-1.3999999999999773,0
25.5,0.0,95.0,1008.1,4,2026-07-28 04:00:00,7,0.0,0
25.4,0.0,95.0,1008.2,5,2026-07-28 05:00:00,7,0.3000000000000682,0
25.5,0.0,97.0,1008.8,6,2026-07-28 06:00:00,7,0.7999999999999545,0
27.1,0.0,91.0,1009.1,7,2026-07-28 07:00:00,7,1.0,0
28.7,0.0,88.0,1009.0,8,2026-07-28 08:00:00,7,0.7999999999999545,0
29.5,0.0,82.0,1009.2,9,2026-07-28 09:00:00,7,0.40000000000009095,0
30.3,0.0,77.0,1008.9,10,2026-07-28 10:00:00,7,-0.20000000000004547,0
31.1,0.0,78.0,1009.0,11,2026-07-28 11:00:00,7,0.0,0
32.5,0.0,72.0,1008.5,12,2026-07-28 12:00:00,7,-0.7000000000000455,0
32.1,0.0,74.0,1008.4,13,2026-07-28 13:00:00,7,-0.5,0
32.6,0.0,71.0,1008.2,14,2026-07-28 14:00:00,7,-0.7999999999999545,0
31.8,0.0,73.0,1008.1,15,2026-07-28 15:00:00,7,-0.39999999999997726,0
31.3,0.0,75.0,1008.2,16,2026-07-28 16:00:00,7,-0.1999999999999318,0
30.2,0.0,78.0,1008.2,17,2026-07-28 17:00:00,7,0.0,0
29.9,0.0,79.0,1008.2,18,2026-07-28 18:00:00,7,0.10000000000002274,0
29.9,0.0,78.0,1008.1,19,2026-07-28 19:00:00,7,-0.10000000000002274,0
29.9,0.0,79.0,1008.4,20,2026-07-28 20:00:00,7,0.1999999999999318,0
29.6,0.0,77.0,1008.7,21,2026-07-28 21:00:00,7,0.5,0
28.8,0.0,87.0,1009.4,22,2026-07-28 22:00:00,7,1.2999999999999545,0
28.6,0.0,86.0,1009.9,23,2026-07-28 23:00:00,7,1.5,0
29.1,0.0,85.0,1008.0,0,2026-07-29 00:00:00,7,-0.7000000000000455,0
28.1,0.0,85.0,1009.3,1,2026-07-29 01:00:00,7,-0.10000000000002274,0
27.9,0.0,84.0,1009.1,2,2026-07-29 02:00:00,7,-0.7999999999999545,0
27.8,0.0,84.0,1008.9,3,2026-07-29 03:00:00,7,0.8999999999999773,0
27.6,0.0,83.0,1008.9,4,2026-07-29 04:00:00,7,-0.39999999999997726,0
27.3,0.0,82.0,1009.0,5,2026-07-29 05:00:00,7,-0.10000000000002274,0
27.0,0.0,82.0,1009.3,6,2026-07-29 06:00:00,7,0.39999999999997726,0
27.2,0.0,80.0,1009.3,7,2026-07-29 07:00:00,7,0.39999999999997726,0
28.3,0.0,81.0,1009.2,8,2026-07-29 08:00:00,7,0.20000000000004547,0
29.4,0.0,80.0,1009.2,9,2026-07-29 09:00:00,7,-0.09999999999990905,0
30.9,0.0,76.0,1009.1,10,2026-07-29 10:00:00,7,-0.1999999999999318,0
30.7,0.0,77.0,1008.7,11,2026-07-29 11:00:00,7,-0.5,0
31.0,0.0,77.0,1007.9,12,2026-07-29 12:00:00,7,-1.3000000000000682,0
32.1,0.0,75.0,1007.5,13,2026-07-29 13:00:00,7,-1.6000000000000227,0
30.4,0.0,78.0,1007.3,14,2026-07-29 14:00:00,7,-1.400000000000091,0
30.4,0.0,78.0,1006.9,15,2026-07-29 15:00:00,7,-1.0,0
30.5,0.0,77.0,1006.6,16,2026-07-29 16:00:00,7,-0.8999999999999773,0
30.5,0.0,75.0,1006.6,17,2026-07-29 17:00:00,7,-0.6999999999999318,0
30.2,0.0,74.0,1006.6,18,2026-07-29 18:00:00,7,-0.2999999999999545,0
30.2,0.0,71.0,1006.7,19,2026-07-29 19:00:00,7,0.10000000000002274,0
29.8,0.0,79.0,1007.5,20,2026-07-29 20:00:00,7,0.8999999999999773,0
29.7,0.0,79.0,1008.0,21,2026-07-29 21:00:00,7,1.3999999999999773,0
29.4,0.0,81.0,1008.5,22,2026-07-29 22:00:00,7,1.7999999999999545,0
29.3,0.0,83.0,1008.4,23,2026-07-29 23:00:00,7,0.8999999999999773,0
28.2,0.0,85.0,1007.9,0,2026-07-30 00:00:00,7,-0.10000000000002274,0
28.9,0.0,85.0,1007.6,1,2026-07-30 01:00:00,7,-0.8999999999999773,0
28.7,0.05,87.0,1007.6,2,2026-07-30 02:00:00,7,-0.7999999999999545,0
28.3,0.05,91.0,1007.6,3,2026-07-30 03:00:00,7,-0.2999999999999545,0
28.6,0.0,88.0,1007.7,4,2026-07-30 04:00:00,7,0.10000000000002274,0
28.5,0.0,87.0,1008.2,5,2026-07-30 05:00:00,7,0.6000000000000227,0
28.4,0.0,86.0,1008.5,6,2026-07-30 06:00:00,7,0.8999999999999773,0
28.7,0.0,85.0,1008.6,7,2026-07-30 07:00:00,7,0.8999999999999773,0
29.1,0.0,85.0,1008.7,8,2026-07-30 08:00:00,7,0.5,0
29.5,0.0,81.0,1009.0,9,2026-07-30 09:00:00,7,0.5,0
30.2,0.0,77.0,1008.7,10,2026-07-30 10:00:00,7,0.10000000000002274,0
30.6,0.0,79.0,1008.3,11,2026-07-30 11:00:00,7,-0.40000000000009095,0
30.8,0.0,76.0,1007.9,12,2026-07-30 12:00:00,7,-1.1000000000000227,0
30.6,0.0,77.0,1007.3,13,2026-07-30 13:00:00,7,-1.400000000000091,0
32.2,0.0,67.0,1006.7,14,2026-07-30 14:00:00,7,-1.599999999999909,0
30.6,0.0,76.0,1006.5,15,2026-07-30 15:00:00,7,-1.3999999999999773,0
29.8,0.0,82.0,1006.3,16,2026-07-30 16:00:00,7,-1.0,0
29.5,0.0,81.0,1006.5,17,2026-07-30 17:00:00,7,-0.20000000000004547,0
29.2,0.0,82.0,1007.0,18,2026-07-30 18:00:00,7,0.5,0
29.5,0.0,80.0,1007.2,19,2026-07-30 19:00:00,7,0.900000000000091,0
29.3,0.0,82.0,1007.7,20,2026-07-30 20:00:00,7,1.2000000000000455,0
28.8,0.0,85.0,1008.0,21,2026-07-30 21:00:00,7,1.0,0
29.0,0.0,82.0,1008.2,22,2026-07-30 22:00:00,7,1.0,0
28.6,0.0,85.0,1008.2,23,2026-07-30 23:00:00,7,0.5,0
28.6,0.0,86.0,1007.2,0,2026-07-31 00:00:00,7,-0.7999999999999545,0
28.1,0.0,85.0,1007.4,1,2026-07-31 01:00:00,7,-0.8000000000000682,0
27.8,0.0,87.0,1007.3,2,2026-07-31 02:00:00,7,-0.900000000000091,0
28.3,0.0,90.0,1007.4,3,2026-07-31 03:00:00,7,0.1999999999999318,0
28.4,0.0,88.0,1007.6,4,2026-07-31 04:00:00,7,0.20000000000004547,0
28.4,0.0,88.0,1007.6,5,2026-07-31 05:00:00,7,0.3000000000000682,0
28.1,0.0,91.0,1008.1,6,2026-07-31 06:00:00,7,0.7000000000000455,0
28.3,0.0,89.0,1008.4,7,2026-07-31 07:00:00,7,0.7999999999999545,0
28.8,0.0,85.0,1008.3,8,2026-07-31 08:00:00,7,0.6999999999999318,0
29.3,0.0,84.0,1008.4,9,2026-07-31 09:00:00,7,0.2999999999999545,0
30.0,0.0,78.0,1008.3,10,2026-07-31 10:00:00,7,-0.10000000000002274,0
30.5,0.0,77.0,1008.0,11,2026-07-31 11:00:00,7,-0.2999999999999545,0
30.2,0.0,76.0,1007.6,12,2026-07-31 12:00:00,7,-0.7999999999999545,0
32.2,0.0,71.0,1006.7,13,2026-07-31 13:00:00,7,-1.599999999999909,0
33.2,0.0,68.0,1005.9,14,2026-07-31 14:00:00,7,-2.1000000000000227,0
32.7,0.0,73.0,1004.9,15,2026-07-31 15:00:00,7,-2.7000000000000455,0
32.0,0.0,75.0,1004.6,16,2026-07-31 16:00:00,7,-2.1000000000000227,0
30.1,0.0,79.0,1005.3,17,2026-07-31 17:00:00,7,-0.6000000000000227,0
29.4,0.0,82.0,1006.1,18,2026-07-31 18:00:00,7,1.2000000000000455,0
29.2,0.0,84.0,1006.5,19,2026-07-31 19:00:00,7,1.8999999999999773,0
29.1,0.0,85.0,1006.6,20,2026-07-31 20:00:00,7,1.3000000000000682,0
29.0,0.0,85.0,1006.9,21,2026-07-31 21:00:00,7,0.7999999999999545,0
29.0,0.0,85.0,1006.9,22,2026-07-31 22:00:00,7,0.39999999999997726,0
28.7,0.0,86.0,1007.0,23,2026-07-31 23:00:00,7,0.39999999999997726,0
28.3,0.0,85.0,1007.0,0,2026-08-01 00:00:00,8,0.10000000000002274,0
28.4,0.0,86.0,1007.1,1,2026-08-01 01:00:00,8,0.20000000000004547,0
28.2,0.0,87.0,1006.9,2,2026-08-01 02:00:00,8,-0.10000000000002274,0
28.2,0.0,84.0,1007.0,3,2026-08-01 03:00:00,8,0.0,0
28.1,0.0,85.0,1006.8,4,2026-08-01 04:00:00,8,-0.3000000000000682,0
27.9,0.0,85.0,1006.7,5,2026-08-01 05:00:00,8,-0.1999999999999318,0
27.4,0.0,79.0,1006.9,6,2026-08-01 06:00:00,8,-0.10000000000002274,0
27.3,0.0,78.0,1007.1,7,2026-08-01 07:00:00,8,0.3000000000000682,0
28.7,0.0,78.0,1007.1,8,2026-08-01 08:00:00,8,0.39999999999997726,0
29.8,0.0,75.0,1007.3,9,2026-08-01 09:00:00,8,0.39999999999997726,0
31.4,0.0,66.0,1007.0,10,2026-08-01 10:00:00,8,-0.10000000000002274,0
31.6,0.0,67.0,1006.5,11,2026-08-01 11:00:00,8,-0.6000000000000227,0
31.7,0.0,66.0,1006.4,12,2026-08-01 12:00:00,8,-0.8999999999999773,0
31.9,0.0,65.0,1005.9,13,2026-08-01 13:00:00,8,-1.1000000000000227,0
31.6,0.0,69.0,1005.6,14,2026-08-01 14:00:00,8,-0.8999999999999773,0
31.2,0.0,67.0,1005.2,15,2026-08-01 15:00:00,8,-1.1999999999999318,0
31.1,0.0,69.0,1004.7,16,2026-08-01 16:00:00,8,-1.1999999999999318,0
30.8,0.0,67.0,1005.0,17,2026-08-01 17:00:00,8,-0.6000000000000227,0
29.9,0.0,76.0,1005.3,18,2026-08-01 18:00:00,8,0.09999999999990905,0
29.0,0.0,79.0,1005.4,19,2026-08-01 19:00:00,8,0.6999999999999318,0
29.4,0.0,77.0,1006.3,20,2026-08-01 20:00:00,8,1.2999999999999545,0
29.1,0.0,79.0,1006.7,21,2026-08-01 21:00:00,8,1.400000000000091,0
28.8,0.0,83.0,1007.1,22,2026-08-01 22:00:00,8,1.7000000000000455,0
28.6,0.0,84.0,1007.4,23,2026-08-01 23:00:00,8,1.1000000000000227,0
28.8,0.0,81.0,1005.8,0,2026-08-02 00:00:00,8,-0.900000000000091,0
28.0,0.0,87.0,1006.5,1,2026-08-02 01:00:00,8,-0.6000000000000227,0
28.0,0.0,87.0,1006.2,2,2026-08-02 02:00:00,8,-1.1999999999999318,0
27.7,0.0,87.0,1006.2,3,2026-08-02 03:00:00,8,0.40000000000009095,0
27.5,0.0,87.0,1006.2,4,2026-08-02 04:00:00,8,-0.2999999999999545,0
27.2,0.0,87.0,1006.1,5,2026-08-02 05:00:00,8,-0.10000000000002274,0
27.0,0.0,89.0,1006.5,6,2026-08-02 06:00:00,8,0.2999999999999545,0
27.7,0.0,83.0,1006.6,7,2026-08-02 07:00:00,8,0.39999999999997726,0
28.9,0.0,82.0,1006.5,8,2026-08-02 08:00:00,8,0.39999999999997726,0
30.0,0.0,76.0,1006.5,9,2026-08-02 09:00:00,8,0.0,0
32.1,0.0,65.0,1006.1,10,2026-08-02 10:00:00,8,-0.5,0
31.8,0.0,70.0,1005.8,11,2026-08-02 11:00:00,8,-0.7000000000000455,0
33.0,0.0,69.0,1005.3,12,2026-08-02 12:00:00,8,-1.2000000000000455,0
33.6,0.0,55.0,1005.0,13,2026-08-02 13:00:00,8,-1.1000000000000227,0
32.6,0.0,62.0,1005.0,14,2026-08-02 14:00:00,8,-0.7999999999999545,0
32.3,0.0,58.0,1005.2,15,2026-08-02 15:00:00,8,-0.09999999999990905,0
30.8,0.0,71.0,1005.4,16,2026-08-02 16:00:00,8,0.39999999999997726,0
30.2,0.0,69.0,1005.1,17,2026-08-02 17:00:00,8,0.10000000000002274,0
29.7,0.0,69.0,1004.9,18,2026-08-02 18:00:00,8,-0.3000000000000682,0
29.5,0.0,75.0,1005.0,19,2026-08-02 19:00:00,8,-0.39999999999997726,0
29.3,0.0,79.0,1005.4,20,2026-08-02 20:00:00,8,0.2999999999999545,0
29.2,0.0,82.0,1005.9,21,2026-08-02 21:00:00,8,1.0,0
29.0,0.0,84.0,1006.1,22,2026-08-02 22:00:00,8,1.1000000000000227,0
28.7,0.0,83.0,1006.0,23,2026-08-02 23:00:00,8,0.6000000000000227,0
27.9,0.0,73.0,1003.1,0,2026-08-03 00:00:00,8,-2.7999999999999545,0
28.6,0.0,81.0,1005.5,1,2026-08-03 01:00:00,8,-0.6000000000000227,0
28.2,0.05,83.0,1005.3,2,2026-08-03 02:00:00,8,-0.7000000000000455,0
28.0,0.0,82.0,1005.5,3,2026-08-03 03:00:00,8,2.3999999999999773,0
27.5,0.0,87.0,1005.5,4,2026-08-03 04:00:00,8,0.0,0
27.2,0.0,87.0,1005.7,5,2026-08-03 05:00:00,8,0.40000000000009095,0
27.0,0.0,89.0,1005.8,6,2026-08-03 06:00:00,8,0.2999999999999545,0
28.5,0.0,84.0,1005.9,7,2026-08-03 07:00:00,8,0.39999999999997726,0
29.5,0.0,79.0,1006.0,8,2026-08-03 08:00:00,8,0.2999999999999545,0
30.4,0.0,73.0,1006.1,9,2026-08-03 09:00:00,8,0.3000000000000682,0
32.3,0.0,67.0,1005.5,10,2026-08-03 10:00:00,8,-0.39999999999997726,0
32.6,0.0,68.0,1004.8,11,2026-08-03 11:00:00,8,-1.2000000000000455,0
32.9,0.0,68.0,1004.2,12,2026-08-03 12:00:00,8,-1.8999999999999773,0
32.2,0.0,70.0,1004.0,13,2026-08-03 13:00:00,8,-1.5,0
33.9,0.0,59.0,1003.4,14,2026-08-03 14:00:00,8,-1.3999999999999773,0
34.6,0.0,57.0,1002.8,15,2026-08-03 15:00:00,8,-1.400000000000091,0
34.3,0.0,56.0,1002.3,16,2026-08-03 16:00:00,8,-1.7000000000000455,0
33.4,0.0,60.0,1002.5,17,2026-08-03 17:00:00,8,-0.8999999999999773,0
31.5,0.0,68.0,1002.9,18,2026-08-03 18:00:00,8,0.10000000000002274,0
30.5,0.0,72.0,1003.2,19,2026-08-03 19:00:00,8,0.900000000000091,0
30.1,0.0,73.0,1003.5,20,2026-08-03 20:00:00,8,1.0,0
29.8,0.0,76.0,1003.6,21,2026-08-03 21:00:00,8,0.7000000000000455,0
28.6,0.0,82.0,1003.8,22,2026-08-03 22:00:00,8,0.599999999999909,0
28.4,0.0,72.0,1003.3,23,2026-08-03 23:00:00,8,-0.20000000000004547,0
28.8,0.0,64.0,1001.4,0,2026-08-04 00:00:00,8,-2.2000000000000455,0
27.7,0.0,75.0,1002.7,1,2026-08-04 01:00:00,8,-1.099999999999909,0
27.6,0.0,76.0,1003.0,2,2026-08-04 02:00:00,8,-0.2999999999999545,0
27.3,0.0,77.0,1003.2,3,2026-08-04 03:00:00,8,1.8000000000000682,0
27.0,0.0,81.0,1003.3,4,2026-08-04 04:00:00,8,0.599999999999909,0
26.7,0.0,81.0,1003.2,5,2026-08-04 05:00:00,8,0.20000000000004547,0
26.8,0.0,83.0,1003.6,6,2026-08-04 06:00:00,8,0.39999999999997726,0
28.3,0.0,73.0,1003.6,7,2026-08-04 07:00:00,8,0.3000000000000682,0
29.8,0.0,67.0,1003.5,8,2026-08-04 08:00:00,8,0.2999999999999545,0
32.1,0.0,64.0,1003.7,9,2026-08-04 09:00:00,8,0.10000000000002274,0
33.1,0.0,55.0,1003.1,10,2026-08-04 10:00:00,8,-0.5,0
34.5,0.0,51.0,1002.4,11,2026-08-04 11:00:00,8,-1.1000000000000227,0
36.4,0.0,44.0,1001.6,12,2026-08-04 12:00:00,8,-2.1000000000000227,0
35.3,0.0,55.0,1001.4,13,2026-08-04 13:00:00,8,-1.7000000000000455,0
35.1,0.0,57.0,1000.9,14,2026-08-04 14:00:00,8,-1.5,0
34.8,0.0,55.0,1000.6,15,2026-08-04 15:00:00,8,-1.0,0
34.9,0.0,50.0,1000.2,16,2026-08-04 16:00:00,8,-1.1999999999999318,0
34.2,0.0,47.0,999.6,17,2026-08-04 17:00:00,8,-1.2999999999999545,0
32.8,0.0,52.0,1000.1,18,2026-08-04 18:00:00,8,-0.5,0
31.5,0.0,59.0,1000.5,19,2026-08-04 19:00:00,8,0.2999999999999545,0
30.6,0.0,63.0,1000.9,20,2026-08-04 20:00:00,8,1.2999999999999545,0
30.0,0.0,65.0,1001.4,21,2026-08-04 21:00:00,8,1.2999999999999545,0
29.6,0.0,64.0,1001.3,22,2026-08-04 22:00:00,8,0.7999999999999545,0
29.2,0.0,62.0,1001.3,23,2026-08-04 23:00:00,8,0.39999999999997726,0
28.6,0.0,80.0,1000.6,0,2026-08-05 00:00:00,8,-0.7999999999999545,0
28.1,0.0,68.0,1001.4,1,2026-08-05 01:00:00,8,0.10000000000002274,0
27.3,0.0,72.0,1001.1,2,2026-08-05 02:00:00,8,-0.1999999999999318,0
26.5,0.0,76.0,1000.9,3,2026-08-05 03:00:00,8,0.2999999999999545,0
26.2,0.0,79.0,1000.9,4,2026-08-05 04:00:00,8,-0.5,0
26.6,0.0,79.0,1000.8,5,2026-08-05 05:00:00,8,-0.3000000000000682,0
26.3,0.0,80.0,1001.6,6,2026-08-05 06:00:00,8,0.7000000000000455,0
27.6,0.0,77.0,1001.9,7,2026-08-05 07:00:00,8,1.0,0
29.3,0.0,74.0,1001.9,8,2026-08-05 08:00:00,8,1.1000000000000227,0
31.0,0.0,68.0,1002.0,9,2026-08-05 09:00:00,8,0.39999999999997726,0
30.9,0.0,69.0,1002.0,10,2026-08-05 10:00:00,8,0.10000000000002274,0
32.8,0.0,66.0,1001.6,11,2026-08-05 11:00:00,8,-0.2999999999999545,0
32.5,0.0,63.0,1001.3,12,2026-08-05 12:00:00,8,-0.7000000000000455,0
33.0,0.0,62.0,1000.2,13,2026-08-05 13:00:00,8,-1.7999999999999545,0
32.6,0.0,63.0,999.4,14,2026-08-05 14:00:00,8,-2.2000000000000455,0
32.5,0.0,67.0,999.1,15,2026-08-05 15:00:00,8,-2.199999999999932,0
32.3,0.0,65.0,999.0,16,2026-08-05 16:00:00,8,-1.2000000000000455,0
31.9,0.0,65.0,998.8,17,2026-08-05 17:00:00,8,-0.6000000000000227,0
31.0,0.0,69.0,999.2,18,2026-08-05 18:00:00,8,0.10000000000002274,0
30.3,0.0,71.0,999.2,19,2026-08-05 19:00:00,8,0.20000000000004547,0
29.7,0.0,76.0,999.6,20,2026-08-05 20:00:00,8,0.8000000000000682,0
29.6,0.0,79.0,1000.2,21,2026-08-05 21:00:00,8,1.0,0
29.6,0.0,73.0,1000.7,22,2026-08-05 22:00:00,8,1.5,0
29.3,0.0,75.0,1000.6,23,2026-08-05 23:00:00,8,1.0,0
28.7,0.0,82.0,998.2,0,2026-08-06 00:00:00,8,-2.0,0
28.2,0.0,80.0,1000.3,1,2026-08-06 01:00:00,8,-0.40000000000009095,0
27.5,0.0,84.0,1000.1,2,2026-08-06 02:00:00,8,-0.5,0
27.0,0.0,86.0,1000.0,3,2026-08-06 03:00:00,8,1.7999999999999545,0
27.1,0.0,84.0,999.8,4,2026-08-06 04:00:00,8,-0.5,0
26.7,0.0,86.0,999.6,5,2026-08-06 05:00:00,8,-0.5,0
26.8,0.0,85.0,1000.0,6,2026-08-06 06:00:00,8,0.0,0
27.8,0.0,81.0,999.6,7,2026-08-06 07:00:00,8,-0.1999999999999318,0
30.4,0.0,70.0,999.6,8,2026-08-06 08:00:00,8,0.0,0
32.3,0.0,64.0,999.6,9,2026-08-06 09:00:00,8,-0.39999999999997726,0
33.5,0.0,61.0,999.5,10,2026-08-06 10:00:00,8,-0.10000000000002274,0
34.0,0.0,64.0,999.2,11,2026-08-06 11:00:00,8,-0.39999999999997726,0
34.5,0.0,59.0,998.9,12,2026-08-06 12:00:00,8,-0.7000000000000455,0
34.3,0.0,60.0,998.4,13,2026-08-06 13:00:00,8,-1.1000000000000227,0
33.6,0.0,63.0,998.1,14,2026-08-06 14:00:00,8,-1.1000000000000227,0
31.8,0.0,71.0,998.1,15,2026-08-06 15:00:00,8,-0.7999999999999545,0
31.8,0.0,70.0,997.9,16,2026-08-06 16:00:00,8,-0.5,0
31.2,0.0,72.0,997.5,17,2026-08-06 17:00:00,8,-0.6000000000000227,0
30.8,0.0,74.0,997.5,18,2026-08-06 18:00:00,8,-0.6000000000000227,0
30.1,0.0,77.0,997.6,19,2026-08-06 19:00:00,8,-0.2999999999999545,0
29.7,0.0,78.0,997.9,20,2026-08-06 20:00:00,8,0.39999999999997726,0
29.6,0.0,78.0,998.1,21,2026-08-06 21:00:00,8,0.6000000000000227,0
29.1,0.0,82.0,998.0,22,2026-08-06 22:00:00,8,0.39999999999997726,0
28.8,0.0,84.0,997.9,23,2026-08-06 23:00:00,8,0.0,0
27.1,0.0,92.0,995.6,0,2026-08-07 00:00:00,8,-2.5,0
28.5,0.0,83.0,998.1,1,2026-08-07 01:00:00,8,0.10000000000002274,0
28.7,0.0,84.0,997.9,2,2026-08-07 02:00:00,8,0.0,0
27.8,0.0,80.0,997.6,3,2026-08-07 03:00:00,8,2.0,0
27.4,0.0,77.0,996.9,4,2026-08-07 04:00:00,8,-1.2000000000000455,0
27.3,0.0,83.0,996.8,5,2026-08-07 05:00:00,8,-1.1000000000000227,0
27.0,0.0,82.0,997.0,6,2026-08-07 06:00:00,8,-0.6000000000000227,0
27.8,0.0,80.0,997.2,7,2026-08-07 07:00:00,8,0.3000000000000682,0
29.6,0.0,78.0,997.2,8,2026-08-07 08:00:00,8,0.40000000000009095,0
29.8,0.0,78.0,997.4,9,2026-08-07 09:00:00,8,0.39999999999997726,0
31.9,0.0,70.0,997.4,10,2026-08-07 10:00:00,8,0.1999999999999318,0
32.6,0.0,68.0,997.2,11,2026-08-07 11:00:00,8,0.0,0
32.5,0.0,67.0,996.8,12,2026-08-07 12:00:00,8,-0.6000000000000227,0
32.8,0.0,69.0,996.3,13,2026-08-07 13:00:00,8,-1.1000000000000227,0
33.8,0.0,55.0,995.8,14,2026-08-07 14:00:00,8,-1.400000000000091,0
32.8,0.0,59.0,995.2,15,2026-08-07 15:00:00,8,-1.599999999999909,0
33.2,0.0,58.0,994.8,16,2026-08-07 16:00:00,8,-1.5,0
32.9,0.0,54.0,994.6,17,2026-08-07 17:00:00,8,-1.1999999999999318,0
32.3,0.0,55.0,994.6,18,2026-08-07 18:00:00,8,-0.6000000000000227,0
32.0,0.0,58.0,994.5,19,2026-08-07 19:00:00,8,-0.2999999999999545,0
31.4,0.0,58.0,994.3,20,2026-08-07 20:00:00,8,-0.3000000000000682,0
31.1,0.0,59.0,994.8,21,2026-08-07 21:00:00,8,0.1999999999999318,0
30.8,0.0,60.0,995.3,22,2026-08-07 22:00:00,8,0.7999999999999545,0
27.4,2.0,90.0,995.7,23,2026-08-07 23:00:00,8,1.400000000000091,1
26.2,1.5,94.0,990.2,0,2026-08-08 00:00:00,8,-4.599999999999909,1
27.8,1.0,90.0,995.1,1,2026-08-08 01:00:00,8,-0.1999999999999318,1
26.8,0.05,87.0,994.7,2,2026-08-08 02:00:00,8,-1.0,0
25.3,21.5,98.0,994.9,3,2026-08-08 03:00:00,8,4.699999999999932,1
26.5,0.5,90.0,994.7,4,2026-08-08 04:00:00,8,-0.39999999999997726,0
25.6,0.0,94.0,994.4,5,2026-08-08 05:00:00,8,-0.3000000000000682,0
26.2,0.0,90.0,994.6,6,2026-08-08 06:00:00,8,-0.2999999999999545,0
29.1,0.0,75.0,994.6,7,2026-08-08 07:00:00,8,-0.10000000000002274,0
30.0,0.0,71.0,994.5,8,2026-08-08 08:00:00,8,0.10000000000002274,0
31.6,0.0,65.0,994.1,9,2026-08-08 09:00:00,8,-0.5,0
32.2,0.0,60.0,993.8,10,2026-08-08 10:00:00,8,-0.8000000000000682,0
33.2,0.0,56.0,993.6,11,2026-08-08 11:00:00,8,-0.8999999999999773,0
32.9,0.0,56.0,993.0,12,2026-08-08 12:00:00,8,-1.1000000000000227,0
33.4,0.0,54.0,992.6,13,2026-08-08 13:00:00,8,-1.1999999999999318,0
32.0,0.0,58.0,992.6,14,2026-08-08 14:00:00,8,-1.0,0
32.6,0.0,58.0,992.0,15,2026-08-08 15:00:00,8,-1.0,0
31.5,0.0,62.0,991.4,16,2026-08-08 16:00:00,8,-1.2000000000000455,0
27.8,3.0,89.0,991.8,17,2026-08-08 17:00:00,8,-0.8000000000000682,1
27.3,0.0,85.0,991.7,18,2026-08-08 18:00:00,8,-0.2999999999999545,0
27.7,0.0,75.0,990.3,19,2026-08-08 19:00:00,8,-1.1000000000000227,0
27.9,0.0,76.0,990.3,20,2026-08-08 20:00:00,8,-1.5,0
28.9,0.0,67.0,990.0,21,2026-08-08 21:00:00,8,-1.7000000000000455,0
29.5,0.0,62.0,989.7,22,2026-08-08 22:00:00,8,-0.599999999999909,0
28.1,1.0,88.0,990.6,23,2026-08-08 23:00:00,8,0.3000000000000682,1
28.9,0.0,68.0,985.6,0,2026-08-09 00:00:00,8,-4.399999999999977,0
25.1,2.5,92.0,989.5,1,2026-08-09 01:00:00,8,-0.20000000000004547,1
25.4,1.5,92.0,988.0,2,2026-08-09 02:00:00,8,-2.6000000000000227,1
26.0,1.5,88.0,987.9,3,2026-08-09 03:00:00,8,2.2999999999999545,1
26.0,2.0,91.0,987.5,4,2026-08-09 04:00:00,8,-2.0,1
25.6,5.0,94.0,987.5,5,2026-08-09 05:00:00,8,-0.5,1
25.4,8.0,93.0,987.6,6,2026-08-09 06:00:00,8,-0.2999999999999545,1
25.0,20.5,94.0,987.4,7,2026-08-09 07:00:00,8,-0.10000000000002274,1
24.9,11.5,93.0,986.8,8,2026-08-09 08:00:00,8,-0.7000000000000455,1
24.3,26.5,97.0,987.3,9,2026-08-09 09:00:00,8,-0.3000000000000682,1
24.8,25.5,97.0,987.5,10,2026-08-09 10:00:00,8,0.10000000000002274,1
24.8,24.5,96.0,987.0,11,2026-08-09 11:00:00,8,0.20000000000004547,1
24.6,24.0,95.0,986.2,12,2026-08-09 12:00:00,8,-1.099999999999909,1
24.8,10.5,95.0,985.6,13,2026-08-09 13:00:00,8,-1.8999999999999773,1
25.0,8.5,92.0,984.9,14,2026-08-09 14:00:00,8,-2.1000000000000227,1
25.4,2.0,91.0,984.5,15,2026-08-09 15:00:00,8,-1.7000000000000455,1
26.4,0.5,85.0,984.0,16,2026-08-09 16:00:00,8,-1.6000000000000227,0
27.6,0.05,77.0,983.7,17,2026-08-09 17:00:00,8,-1.1999999999999318,0
27.6,0.0,78.0,984.4,18,2026-08-09 18:00:00,8,-0.10000000000002274,0
27.4,0.05,81.0,984.5,19,2026-08-09 19:00:00,8,0.5,0
27.3,0.0,83.0,984.9,20,2026-08-09 20:00:00,8,1.1999999999999318,0
27.6,0.0,79.0,985.6,21,2026-08-09 21:00:00,8,1.2000000000000455,0
28.5,0.0,73.0,985.8,22,2026-08-09 22:00:00,8,1.2999999999999545,0
28.5,0.0,71.0,985.8,23,2026-08-09 23:00:00,8,0.8999999999999773,0
28.7,0.0,82.0,993.8,0,2026-08-10 00:00:00,8,8.199999999999932,0
29.1,0.0,66.0,985.2,1,2026-08-10 01:00:00,8,-0.599999999999909,0
29.8,0.0,62.0,984.7,2,2026-08-10 02:00:00,8,-1.099999999999909,0
26.8,0.0,81.0,984.9,3,2026-08-10 03:00:00,8,-8.899999999999977,0
26.7,0.0,81.0,985.5,4,2026-08-10 04:00:00,8,0.2999999999999545,0
26.8,0.0,81.0,986.1,5,2026-08-10 05:00:00,8,1.3999999999999773,0
26.9,0.0,81.0,987.1,6,2026-08-10 06:00:00,8,2.2000000000000455,0
27.3,0.0,79.0,987.7,7,2026-08-10 07:00:00,8,2.2000000000000455,0
28.1,0.0,79.0,988.6,8,2026-08-10 08:00:00,8,2.5,0
29.3,0.0,74.0,989.2,9,2026-08-10 09:00:00,8,2.1000000000000227,0
30.9,0.0,71.0,989.4,10,2026-08-10 10:00:00,8,1.6999999999999318,0
32.5,0.0,65.0,989.4,11,2026-08-10 11:00:00,8,0.7999999999999545,0
33.9,0.0,60.0,988.8,12,2026-08-10 12:00:00,8,-0.40000000000009095,0
35.2,0.0,54.0,988.6,13,2026-08-10 13:00:00,8,-0.7999999999999545,0
32.4,0.0,69.0,988.8,14,2026-08-10 14:00:00,8,-0.6000000000000227,0
32.1,0.0,61.0,988.5,15,2026-08-10 15:00:00,8,-0.2999999999999545,0
30.0,0.0,77.0,989.3,16,2026-08-10 16:00:00,8,0.6999999999999318,0
30.2,0.0,76.0,989.8,17,2026-08-10 17:00:00,8,1.0,0
30.2,0.0,76.0,990.3,18,2026-08-10 18:00:00,8,1.7999999999999545,0
30.9,0.0,63.0,990.8,19,2026-08-10 19:00:00,8,1.5,0
30.7,0.0,64.0,991.8,20,2026-08-10 20:00:00,8,2.0,0
30.3,0.0,66.0,993.1,21,2026-08-10 21:00:00,8,2.800000000000068,0
29.3,0.0,77.0,993.9,22,2026-08-10 22:00:00,8,3.1000000000000227,0
28.9,0.0,79.0,993.9,23,2026-08-10 23:00:00,8,2.1000000000000227,0
29.3,0.0,84.0,997.6,0,2026-08-11 00:00:00,8,4.5,0
28.4,0.0,85.0,993.2,1,2026-08-11 01:00:00,8,-0.6999999999999318,0
29.6,0.0,69.0,992.9,2,2026-08-11 02:00:00,8,-1.0,0
29.8,0.0,66.0,993.0,3,2026-08-11 03:00:00,8,-4.600000000000023,0
30.5,0.0,63.0,993.3,4,2026-08-11 04:00:00,8,0.09999999999990905,0
30.2,0.0,64.0,993.3,5,2026-08-11 05:00:00,8,0.39999999999997726,0
30.5,0.0,63.0,993.7,6,2026-08-11 06:00:00,8,0.7000000000000455,0
30.5,0.0,65.0,994.3,7,2026-08-11 07:00:00,8,1.0,0
30.9,0.0,66.0,994.8,8,2026-08-11 08:00:00,8,1.5,0
32.2,0.0,64.0,994.8,9,2026-08-11 09:00:00,8,1.099999999999909,0
32.9,0.0,64.0,995.7,10,2026-08-11 10:00:00,8,1.400000000000091,0
33.1,0.0,66.0,995.9,11,2026-08-11 11:00:00,8,1.1000000000000227,0
32.9,0.0,67.0,995.8,12,2026-08-11 12:00:00,8,1.0,0
32.5,0.0,64.0,995.4,13,2026-08-11 13:00:00,8,-0.3000000000000682,0
33.4,0.0,65.0,995.0,14,2026-08-11 14:00:00,8,-0.8999999999999773,0
33.4,0.0,68.0,994.8,15,2026-08-11 15:00:00,8,-1.0,0
32.3,0.0,68.0,994.8,16,2026-08-11 16:00:00,8,-0.6000000000000227,0
31.3,0.0,73.0,995.1,17,2026-08-11 17:00:00,8,0.10000000000002274,0
30.8,0.0,75.0,995.7,18,2026-08-11 18:00:00,8,0.900000000000091,0
29.8,0.0,82.0,996.1,19,2026-08-11 19:00:00,8,1.3000000000000682,0
29.9,0.0,82.0,996.6,20,2026-08-11 20:00:00,8,1.5,0
30.1,0.0,82.0,997.2,21,2026-08-11 21:00:00,8,1.5,0
29.9,0.0,83.0,997.7,22,2026-08-11 22:00:00,8,1.6000000000000227,0
29.4,0.0,86.0,997.9,23,2026-08-11 23:00:00,8,1.2999999999999545,0
29.4,0.0,84.0,998.3,0,2026-08-12 00:00:00,8,1.099999999999909,0
29.0,0.0,86.0,997.3,1,2026-08-12 01:00:00,8,-0.40000000000009095,0
28.6,0.0,88.0,997.0,2,2026-08-12 02:00:00,8,-0.8999999999999773,0
28.6,0.0,88.0,997.1,3,2026-08-12 03:00:00,8,-1.1999999999999318,0
28.1,0.0,88.0,997.1,4,2026-08-12 04:00:00,8,-0.1999999999999318,0
28.0,0.0,88.0,997.3,5,2026-08-12 05:00:00,8,0.2999999999999545,0
28.0,0.0,87.0,997.5,6,2026-08-12 06:00:00,8,0.39999999999997726,0
29.2,0.0,80.0,997.7,7,2026-08-12 07:00:00,8,0.6000000000000227,0
31.3,0.0,71.0,997.5,8,2026-08-12 08:00:00,8,0.20000000000004547,0
32.0,0.0,68.0,997.6,9,2026-08-12 09:00:00,8,0.10000000000002274,0
32.6,0.0,66.0,997.5,10,2026-08-12 10:00:00,8,-0.20000000000004547,0
32.6,0.0,68.0,997.4,11,2026-08-12 11:00:00,8,-0.10000000000002274,0
32.6,0.0,68.0,997.1,12,2026-08-12 12:00:00,8,-0.5,0
32.6,0.0,70.0,996.5,13,2026-08-12 13:00:00,8,-1.0,0
32.6,0.0,72.0,996.1,14,2026-08-12 14:00:00,8,-1.2999999999999545,0
32.0,0.0,69.0,995.9,15,2026-08-12 15:00:00,8,-1.2000000000000455,0
31.7,0.0,75.0,995.8,16,2026-08-12 16:00:00,8,-0.7000000000000455,0
30.8,0.0,81.0,995.8,17,2026-08-12 17:00:00,8,-0.3000000000000682,0
31.3,0.0,68.0,995.8,18,2026-08-12 18:00:00,8,-0.10000000000002274,0
30.7,0.0,76.0,996.3,19,2026-08-12 19:00:00,8,0.5,0
30.2,0.0,82.0,996.9,20,2026-08-12 20:00:00,8,1.1000000000000227,0
30.0,0.0,84.0,997.4,21,2026-08-12 21:00:00,8,1.6000000000000227,0
29.4,0.0,84.0,997.9,22,2026-08-12 22:00:00,8,1.6000000000000227,0
29.7,0.0,84.0,998.1,23,2026-08-12 23:00:00,8,1.2000000000000455,0
29.2,0.0,78.0,1000.2,0,2026-08-13 00:00:00,8,2.800000000000068,0
29.1,0.0,84.0,998.1,1,2026-08-13 01:00:00,8,0.20000000000004547,0
28.5,0.0,87.0,998.0,2,2026-08-13 02:00:00,8,-0.10000000000002274,0
28.4,0.0,84.0,998.3,3,2026-08-13 03:00:00,8,-1.900000000000091,0
28.1,0.0,82.0,998.8,4,2026-08-13 04:00:00,8,0.6999999999999318,0
28.1,0.0,82.0,998.3,5,2026-08-13 05:00:00,8,0.2999999999999545,0
28.1,0.0,82.0,998.5,6,2026-08-13 06:00:00,8,0.20000000000004547,0
29.4,0.0,76.0,998.6,7,2026-08-13 07:00:00,8,-0.1999999999999318,0
30.9,0.0,73.0,998.7,8,2026-08-13 08:00:00,8,0.40000000000009095,0
31.5,0.0,65.0,998.8,9,2026-08-13 09:00:00,8,0.2999999999999545,0
32.5,0.0,64.0,998.9,10,2026-08-13 10:00:00,8,0.2999999999999545,0
32.8,0.0,67.0,999.0,11,2026-08-13 11:00:00,8,0.2999999999999545,0
32.9,0.0,65.0,998.8,12,2026-08-13 12:00:00,8,0.0,0
33.2,0.0,65.0,998.1,13,2026-08-13 13:00:00,8,-0.7999999999999545,0
32.9,0.0,63.0,997.5,14,2026-08-13 14:00:00,8,-1.5,0
32.5,0.0,65.0,997.3,15,2026-08-13 15:00:00,8,-1.5,0
32.1,0.0,65.0,997.2,16,2026-08-13 16:00:00,8,-0.8999999999999773,0
31.7,0.0,65.0,997.8,17,2026-08-13 17:00:00,8,0.2999999999999545,0
31.0,0.0,69.0,998.3,18,2026-08-13 18:00:00,8,1.0,0
30.8,0.0,72.0,998.4,19,2026-08-13 19:00:00,8,1.1999999999999318,0
30.5,0.0,73.0,998.9,20,2026-08-13 20:00:00,8,1.1000000000000227,0
30.3,0.0,75.0,999.6,21,2026-08-13 21:00:00,8,1.3000000000000682,0
30.2,0.0,77.0,1000.5,22,2026-08-13 22:00:00,8,2.1000000000000227,0
29.2,0.0,79.0,1000.7,23,2026-08-13 23:00:00,8,1.8000000000000682,0
28.9,0.0,84.0,1001.4,0,2026-08-14 00:00:00,8,1.7999999999999545,0
28.5,0.0,80.0,1000.0,1,2026-08-14 01:00:00,8,-0.5,0
28.9,0.0,82.0,999.8,2,2026-08-14 02:00:00,8,-0.900000000000091,0
28.6,0.0,82.0,999.6,3,2026-08-14 03:00:00,8,-1.7999999999999545,0
27.9,0.0,83.0,999.6,4,2026-08-14 04:00:00,8,-0.39999999999997726,0
27.4,0.0,84.0,999.9,5,2026-08-14 05:00:00,8,0.10000000000002274,0
27.4,0.0,81.0,1000.4,6,2026-08-14 06:00:00,8,0.7999999999999545,0
28.2,0.0,79.0,1000.8,7,2026-08-14 07:00:00,8,1.1999999999999318,0
30.1,0.0,76.0,1000.9,8,2026-08-14 08:00:00,8,1.0,0
31.3,0.0,70.0,1001.0,9,2026-08-14 09:00:00,8,0.6000000000000227,0
32.7,0.0,67.0,1000.9,10,2026-08-14 10:00:00,8,0.10000000000002274,0
33.1,0.0,63.0,1000.8,11,2026-08-14 11:00:00,8,-0.10000000000002274,0
33.6,0.0,63.0,1000.4,12,2026-08-14 12:00:00,8,-0.6000000000000227,0
33.2,0.0,66.0,1000.0,13,2026-08-14 13:00:00,8,-0.8999999999999773,0
32.5,0.0,67.0,999.3,14,2026-08-14 14:00:00,8,-1.5,0
33.1,0.0,64.0,999.0,15,2026-08-14 15:00:00,8,-1.3999999999999773,0
32.2,0.0,64.0,999.1,16,2026-08-14 16:00:00,8,-0.8999999999999773,0
31.6,0.0,68.0,999.6,17,2026-08-14 17:00:00,8,0.3000000000000682,0
31.1,0.0,70.0,999.7,18,2026-08-14 18:00:00,8,0.7000000000000455,0
30.9,0.0,72.0,1000.6,19,2026-08-14 19:00:00,8,1.5,0
30.4,0.0,75.0,1001.4,20,2026-08-14 20:00:00,8,1.7999999999999545,0
30.4,0.0,76.0,1001.6,21,2026-08-14 21:00:00,8,1.8999999999999773,0
30.1,0.0,77.0,1001.9,22,2026-08-14 22:00:00,8,1.2999999999999545,0
29.4,0.0,81.0,1001.5,23,2026-08-14 23:00:00,8,0.10000000000002274,0
28.8,0.0,80.0,1001.1,0,2026-08-15 00:00:00,8,-0.5,0
29.3,0.0,75.0,1001.6,1,2026-08-15 01:00:00,8,-0.2999999999999545,0
29.0,0.0,77.0,1001.1,2,2026-08-15 02:00:00,8,-0.39999999999997726,0
29.1,0.0,76.0,1000.7,3,2026-08-15 03:00:00,8,-0.39999999999997726,0
28.7,0.0,78.0,1000.5,4,2026-08-15 04:00:00,8,-1.1000000000000227,0
28.3,0.0,81.0,1000.6,5,2026-08-15 05:00:00,8,-0.5,0
27.8,0.0,82.0,1000.8,6,2026-08-15 06:00:00,8,0.09999999999990905,0
29.7,0.0,73.0,1001.4,7,2026-08-15 07:00:00,8,0.8999999999999773,0
31.3,0.0,67.0,1001.6,8,2026-08-15 08:00:00,8,1.0,0
32.7,0.0,62.0,1001.9,9,2026-08-15 09:00:00,8,1.1000000000000227,0
32.8,0.0,63.0,1001.5,10,2026-08-15 10:00:00,8,0.10000000000002274,0
34.5,0.0,55.0,1001.1,11,2026-08-15 11:00:00,8,-0.5,0
33.6,0.0,61.0,1000.7,12,2026-08-15 12:00:00,8,-1.1999999999999318,0
34.1,0.0,57.0,1000.2,13,2026-08-15 13:00:00,8,-1.2999999999999545,0
32.6,0.0,65.0,999.9,14,2026-08-15 14:00:00,8,-1.2000000000000455,0
32.6,0.0,68.0,999.4,15,2026-08-15 15:00:00,8,-1.3000000000000682,0
32.3,0.0,67.0,999.7,16,2026-08-15 16:00:00,8,-0.5,0
31.7,0.0,67.0,999.9,17,2026-08-15 17:00:00,8,0.0,0
30.9,0.0,68.0,1000.2,18,2026-08-15 18:00:00,8,0.8000000000000682,0
30.9,0.0,66.0,1000.1,19,2026-08-15 19:00:00,8,0.39999999999997726,0
30.7,0.0,66.0,1000.1,20,2026-08-15 20:00:00,8,0.20000000000004547,0
29.6,0.0,78.0,1001.0,21,2026-08-15 21:00:00,8,0.7999999999999545,0
29.8,0.0,71.0,1001.6,22,2026-08-15 22:00:00,8,1.5,0
29.4,0.0,72.0,1001.5,23,2026-08-15 23:00:00,8,1.3999999999999773,0
26.9,0.0,94.0,1000.5,0,2026-08-16 00:00:00,8,-0.5,0
28.4,0.0,82.0,1000.9,1,2026-08-16 01:00:00,8,-0.7000000000000455,0
28.3,0.0,82.0,1000.7,2,2026-08-16 02:00:00,8,-0.7999999999999545,0
28.2,0.0,82.0,1000.5,3,2026-08-16 03:00:00,8,0.0,0
27.7,0.0,84.0,1000.4,4,2026-08-16 04:00:00,8,-0.5,0
27.9,0.0,83.0,1000.5,5,2026-08-16 05:00:00,8,-0.20000000000004547,0
27.5,0.0,84.0,1000.7,6,2026-08-16 06:00:00,8,0.20000000000004547,0
29.1,0.0,78.0,1000.5,7,2026-08-16 07:00:00,8,0.10000000000002274,0
30.7,0.0,68.0,1000.7,8,2026-08-16 08:00:00,8,0.20000000000004547,0
32.2,0.0,64.0,1000.6,9,2026-08-16 09:00:00,8,-0.10000000000002274,0
31.9,0.0,67.0,1000.7,10,2026-08-16 10:00:00,8,0.20000000000004547,0
32.3,0.0,70.0,1000.6,11,2026-08-16 11:00:00,8,-0.10000000000002274,0
32.1,0.0,69.0,1000.1,12,2026-08-16 12:00:00,8,-0.5,0
32.4,0.0,70.0,999.1,13,2026-08-16 13:00:00,8,-1.6000000000000227,0
32.7,0.0,67.0,998.7,14,2026-08-16 14:00:00,8,-1.8999999999999773,0
28.3,0.0,84.0,999.5,15,2026-08-16 15:00:00,8,-0.6000000000000227,0
28.6,0.05,87.0,999.2,16,2026-08-16 16:00:00,8,0.10000000000002274,0
28.7,0.05,81.0,999.6,17,2026-08-16 17:00:00,8,0.8999999999999773,0
28.0,0.5,90.0,1000.3,18,2026-08-16 18:00:00,8,0.7999999999999545,0
27.1,2.0,93.0,1000.5,19,2026-08-16 19:00:00,8,1.2999999999999545,1
26.8,2.0,95.0,1000.7,20,2026-08-16 20:00:00,8,1.1000000000000227,1
26.4,1.0,96.0,1001.0,21,2026-08-16 21:00:00,8,0.7000000000000455,1
27.1,0.0,92.0,1000.8,22,2026-08-16 22:00:00,8,0.2999999999999545,0
27.2,0.0,93.0,1000.6,23,2026-08-16 23:00:00,8,-0.10000000000002274,0
29.3,0.0,75.0,1000.4,0,2026-08-17 00:00:00,8,-0.6000000000000227,0
26.6,0.0,92.0,1000.4,1,2026-08-17 01:00:00,8,-0.39999999999997726,0
26.8,0.0,91.0,1000.7,2,2026-08-17 02:00:00,8,0.10000000000002274,0
26.3,0.0,88.0,1000.9,3,2026-08-17 03:00:00,8,0.5,0
26.5,0.0,87.0,1001.2,4,2026-08-17 04:00:00,8,0.8000000000000682,0
26.5,0.0,87.0,1001.0,5,2026-08-17 05:00:00,8,0.2999999999999545,0
26.3,0.0,87.0,1001.3,6,2026-08-17 06:00:00,8,0.39999999999997726,0
26.4,0.0,84.0,1001.8,7,2026-08-17 07:00:00,8,0.599999999999909,0
27.5,0.0,82.0,1001.7,8,2026-08-17 08:00:00,8,0.7000000000000455,0
29.7,0.0,72.0,1002.1,9,2026-08-17 09:00:00,8,0.8000000000000682,0
30.9,0.0,72.0,1001.9,10,2026-08-17 10:00:00,8,0.10000000000002274,0
33.0,0.0,69.0,1001.6,11,2026-08-17 11:00:00,8,-0.10000000000002274,0
31.1,0.0,77.0,1001.4,12,2026-08-17 12:00:00,8,-0.7000000000000455,0
31.5,0.0,78.0,1000.7,13,2026-08-17 13:00:00,8,-1.1999999999999318,0
32.8,0.0,68.0,1000.0,14,2026-08-17 14:00:00,8,-1.6000000000000227,0
32.6,0.0,69.0,999.2,15,2026-08-17 15:00:00,8,-2.199999999999932,0
34.1,0.0,66.0,998.4,16,2026-08-17 16:00:00,8,-2.300000000000068,0
33.7,0.0,60.0,998.5,17,2026-08-17 17:00:00,8,-1.5,0
32.6,0.0,59.0,998.9,18,2026-08-17 18:00:00,8,-0.3000000000000682,0
31.4,0.0,60.0,999.1,19,2026-08-17 19:00:00,8,0.7000000000000455,0
30.5,0.0,65.0,999.8,20,2026-08-17 20:00:00,8,1.2999999999999545,0
30.2,0.0,67.0,999.7,21,2026-08-17 21:00:00,8,0.8000000000000682,0
29.9,0.0,68.0,1000.1,22,2026-08-17 22:00:00,8,1.0,0
29.8,0.0,71.0,1000.5,23,2026-08-17 23:00:00,8,0.7000000000000455,0
29.5,0.0,62.0,1001.2,0,2026-08-18 00:00:00,8,1.5,0
29.0,0.0,77.0,1000.2,1,2026-08-18 01:00:00,8,0.10000000000002274,0
28.8,0.0,78.0,1000.2,2,2026-08-18 02:00:00,8,-0.2999999999999545,0
28.4,0.0,80.0,1000.2,3,2026-08-18 03:00:00,8,-1.0,0
28.0,0.0,82.0,1000.2,4,2026-08-18 04:00:00,8,0.0,0
27.9,0.0,84.0,1000.4,5,2026-08-18 05:00:00,8,0.1999999999999318,0
27.9,0.0,85.0,1000.5,6,2026-08-18 06:00:00,8,0.2999999999999545,0
27.8,0.0,85.0,1000.8,7,2026-08-18 07:00:00,8,0.599999999999909,0
28.0,0.0,84.0,1000.9,8,2026-08-18 08:00:00,8,0.5,0
29.1,0.0,82.0,1000.8,9,2026-08-18 09:00:00,8,0.2999999999999545,0
29.8,0.0,79.0,1000.5,10,2026-08-18 10:00:00,8,-0.2999999999999545,0
31.0,0.0,75.0,1000.3,11,2026-08-18 11:00:00,8,-0.6000000000000227,0
32.6,0.0,67.0,1000.0,12,2026-08-18 12:00:00,8,-0.7999999999999545,0
33.7,0.0,61.0,999.7,13,2026-08-18 13:00:00,8,-0.7999999999999545,0
34.3,0.0,58.0,999.7,14,2026-08-18 14:00:00,8,-0.599999999999909,0
34.0,0.0,64.0,999.5,15,2026-08-18 15:00:00,8,-0.5,0
33.3,0.0,63.0,999.5,16,2026-08-18 16:00:00,8,-0.20000000000004547,0
33.1,0.0,62.0,999.2,17,2026-08-18 17:00:00,8,-0.5,0
31.9,0.0,66.0,999.0,18,2026-08-18 18:00:00,8,-0.5,0
31.0,0.0,67.0,999.1,19,2026-08-18 19:00:00,8,-0.39999999999997726,0
30.5,0.0,68.0,1000.1,20,2026-08-18 20:00:00,8,0.8999999999999773,0
30.7,0.0,64.0,1000.6,21,2026-08-18 21:00:00,8,1.6000000000000227,0
30.3,0.0,63.0,1001.2,22,2026-08-18 22:00:00,8,2.1000000000000227,0
29.6,0.0,64.0,1001.3,23,2026-08-18 23:00:00,8,1.1999999999999318,0
27.1,0.0,91.0,1001.9,0,2026-08-19 00:00:00,8,1.2999999999999545,0
29.2,0.0,62.0,1000.9,1,2026-08-19 01:00:00,8,-0.3000000000000682,0
29.2,0.0,61.0,1001.0,2,2026-08-19 02:00:00,8,-0.2999999999999545,0
28.6,0.0,64.0,1001.0,3,2026-08-19 03:00:00,8,-0.8999999999999773,0
28.5,0.0,66.0,1001.1,4,2026-08-19 04:00:00,8,0.20000000000004547,0
28.2,0.0,67.0,1001.4,5,2026-08-19 05:00:00,8,0.39999999999997726,0
27.8,0.0,70.0,1001.7,6,2026-08-19 06:00:00,8,0.7000000000000455,0
28.4,0.0,67.0,1001.9,7,2026-08-19 07:00:00,8,0.7999999999999545,0
30.1,0.0,64.0,1002.0,8,2026-08-19 08:00:00,8,0.6000000000000227,0
32.0,0.0,60.0,1002.1,9,2026-08-19 09:00:00,8,0.39999999999997726,0
33.2,0.0,60.0,1002.0,10,2026-08-19 10:00:00,8,0.10000000000002274,0
33.2,0.0,62.0,1001.8,11,2026-08-19 11:00:00,8,-0.20000000000004547,0
33.4,0.0,64.0,1001.4,12,2026-08-19 12:00:00,8,-0.7000000000000455,0
32.4,0.0,72.0,1001.0,13,2026-08-19 13:00:00,8,-1.0,0
30.9,0.0,79.0,1000.7,14,2026-08-19 14:00:00,8,-1.099999999999909,0
29.2,0.5,86.0,1000.8,15,2026-08-19 15:00:00,8,-0.6000000000000227,0
28.6,4.0,91.0,1000.7,16,2026-08-19 16:00:00,8,-0.2999999999999545,1
28.4,0.05,90.0,1000.9,17,2026-08-19 17:00:00,8,0.1999999999999318,0
27.4,0.5,90.0,1000.5,18,2026-08-19 18:00:00,8,-0.2999999999999545,0
27.3,1.0,88.0,1001.6,19,2026-08-19 19:00:00,8,0.8999999999999773,1
27.2,1.0,90.0,1002.0,20,2026-08-19 20:00:00,8,1.1000000000000227,1
27.1,0.5,93.0,1002.2,21,2026-08-19 21:00:00,8,1.7000000000000455,0
27.6,0.0,89.0,1003.1,22,2026-08-19 22:00:00,8,1.5,0
27.2,0.0,92.0,1002.5,23,2026-08-19 23:00:00,8,0.5,0
26.7,0.0,89.0,1002.3,0,2026-08-20 00:00:00,8,0.09999999999990905,0
26.5,1.5,96.0,1002.0,1,2026-08-20 01:00:00,8,-1.1000000000000227,1
26.5,0.0,92.0,1001.9,2,2026-08-20 02:00:00,8,-0.6000000000000227,0
26.6,0.0,95.0,1001.8,3,2026-08-20 03:00:00,8,-0.5,0
26.5,0.0,93.0,1001.5,4,2026-08-20 04:00:00,8,-0.5,0
26.2,0.0,93.0,1001.9,5,2026-08-20 05:00:00,8,0.0,0
26.6,0.0,90.0,1001.7,6,2026-08-20 06:00:00,8,-0.09999999999990905,0
27.0,0.0,88.0,1002.1,7,2026-08-20 07:00:00,8,0.6000000000000227,0
27.7,0.0,82.0,1002.7,8,2026-08-20 08:00:00,8,0.8000000000000682,0
29.4,0.0,76.0,1002.6,9,2026-08-20 09:00:00,8,0.8999999999999773,0
29.8,0.0,75.0,1002.6,10,2026-08-20 10:00:00,8,0.5,0
30.2,0.0,74.0,1002.6,11,2026-08-20 11:00:00,8,-0.10000000000002274,0
31.4,0.0,74.0,1001.8,12,2026-08-20 12:00:00,8,-0.8000000000000682,0
31.3,0.0,75.0,1001.3,13,2026-08-20 13:00:00,8,-1.3000000000000682,0
30.1,0.0,76.0,1001.2,14,2026-08-20 14:00:00,8,-1.3999999999999773,0
29.3,0.0,81.0,1001.1,15,2026-08-20 15:00:00,8,-0.6999999999999318,0
29.6,0.0,78.0,1001.1,16,2026-08-20 16:00:00,8,-0.1999999999999318,0
29.5,0.0,69.0,1001.4,17,2026-08-20 17:00:00,8,0.1999999999999318,0
30.0,0.0,68.0,1001.4,18,2026-08-20 18:00:00,8,0.2999999999999545,0
28.3,0.0,82.0,1001.9,19,2026-08-20 19:00:00,8,0.7999999999999545,0
27.3,0.0,87.0,1002.3,20,2026-08-20 20:00:00,8,0.8999999999999773,0
27.4,0.0,85.0,1002.7,21,2026-08-20 21:00:00,8,1.3000000000000682,0
27.1,0.0,87.0,1003.0,22,2026-08-20 22:00:00,8,1.1000000000000227,0
26.8,0.0,89.0,1002.8,23,2026-08-20 23:00:00,8,0.5,0
28.5,0.0,77.0,1000.3,0,2026-08-21 00:00:00,8,-2.400000000000091,0
26.5,0.0,88.0,1002.3,1,2026-08-21 01:00:00,8,-0.7000000000000455,0
26.1,0.0,90.0,1001.4,2,2026-08-21 02:00:00,8,-1.3999999999999773,0
26.3,0.0,89.0,1001.3,3,2026-08-21 03:00:00,8,1.0,0
26.1,0.0,87.0,1001.1,4,2026-08-21 04:00:00,8,-1.1999999999999318,0
26.1,0.0,88.0,1001.2,5,2026-08-21 05:00:00,8,-0.1999999999999318,0
25.9,0.0,87.0,1001.2,6,2026-08-21 06:00:00,8,-0.09999999999990905,0
26.9,0.0,84.0,1001.4,7,2026-08-21 07:00:00,8,0.2999999999999545,0
28.2,0.0,80.0,1001.9,8,2026-08-21 08:00:00,8,0.6999999999999318,0
30.1,0.0,72.0,1001.8,9,2026-08-21 09:00:00,8,0.599999999999909,0
30.2,0.0,72.0,1001.6,10,2026-08-21 10:00:00,8,0.20000000000004547,0
31.5,0.0,69.0,1001.3,11,2026-08-21 11:00:00,8,-0.6000000000000227,0
32.1,0.0,67.0,1000.4,12,2026-08-21 12:00:00,8,-1.3999999999999773,0
31.2,0.0,72.0,999.8,13,2026-08-21 13:00:00,8,-1.8000000000000682,0
30.8,0.0,75.0,999.2,14,2026-08-21 14:00:00,8,-2.099999999999909,0
30.2,0.0,77.0,998.6,15,2026-08-21 15:00:00,8,-1.7999999999999545,0
30.6,0.0,78.0,998.3,16,2026-08-21 16:00:00,8,-1.5,0
30.9,0.0,73.0,998.7,17,2026-08-21 17:00:00,8,-0.5,0
30.1,0.0,79.0,999.3,18,2026-08-21 18:00:00,8,0.6999999999999318,0
29.2,0.0,83.0,999.7,19,2026-08-21 19:00:00,8,1.400000000000091,0
29.2,0.0,83.0,1000.4,20,2026-08-21 20:00:00,8,1.6999999999999318,0
29.2,0.0,77.0,1000.8,21,2026-08-21 21:00:00,8,1.5,0
28.7,0.0,78.0,1001.2,22,2026-08-21 22:00:00,8,1.5,0
28.5,0.0,79.0,1000.9,23,2026-08-21 23:00:00,8,0.5,0
27.2,0.0,90.0,1000.0,0,2026-08-22 00:00:00,8,-0.7999999999999545,0
28.3,0.0,78.0,999.4,1,2026-08-22 01:00:00,8,-1.8000000000000682,0
27.9,0.0,82.0,998.9,2,2026-08-22 02:00:00,8,-2.0,0
27.9,0.0,80.0,998.5,3,2026-08-22 03:00:00,8,-1.5,0
27.8,0.0,81.0,998.6,4,2026-08-22 04:00:00,8,-0.7999999999999545,0
27.2,0.0,84.0,999.0,5,2026-08-22 05:00:00,8,0.10000000000002274,0
27.1,0.0,86.0,999.5,6,2026-08-22 06:00:00,8,1.0,0
27.4,0.0,85.0,1000.0,7,2026-08-22 07:00:00,8,1.3999999999999773,0
28.9,0.0,78.0,1000.1,8,2026-08-22 08:00:00,8,1.1000000000000227,0
30.6,0.0,69.0,1000.1,9,2026-08-22 09:00:00,8,0.6000000000000227,0
32.4,0.0,68.0,999.7,10,2026-08-22 10:00:00,8,-0.2999999999999545,0
32.4,0.0,63.0,999.3,11,2026-08-22 11:00:00,8,-0.8000000000000682,0
32.9,0.0,66.0,998.8,12,2026-08-22 12:00:00,8,-1.3000000000000682,0
31.5,0.0,70.0,998.3,13,2026-08-22 13:00:00,8,-1.400000000000091,0
31.6,0.0,69.0,998.1,14,2026-08-22 14:00:00,8,-1.1999999999999318,0
30.9,0.0,71.0,997.8,15,2026-08-22 15:00:00,8,-1.0,0
31.5,0.0,69.0,997.5,16,2026-08-22 16:00:00,8,-0.7999999999999545,0
30.5,0.0,75.0,997.8,17,2026-08-22 17:00:00,8,-0.3000000000000682,0
29.7,0.0,73.0,998.6,18,2026-08-22 18:00:00,8,0.8000000000000682,0
29.2,0.0,75.0,999.1,19,2026-08-22 19:00:00,8,1.6000000000000227,0
29.0,0.0,75.0,999.5,20,2026-08-22 20:00:00,8,1.7000000000000455,0
27.9,0.05,81.0,1000.5,21,2026-08-22 21:00:00,8,1.8999999999999773,0
27.8,0.05,85.0,1000.2,22,2026-08-22 22:00:00,8,1.1000000000000227,0
27.4,0.0,89.0,1000.0,23,2026-08-22 23:00:00,8,0.5,0
27.6,0.0,87.0,998.5,0,2026-08-23 00:00:00,8,-2.0,0
27.4,0.0,87.0,999.9,1,2026-08-23 01:00:00,8,-0.3000000000000682,0
27.9,0.0,77.0,999.2,2,2026-08-23 02:00:00,8,-0.7999999999999545,0
27.6,0.0,79.0,998.3,3,2026-08-23 03:00:00,8,-0.20000000000004547,0
26.8,0.0,88.0,997.8,4,2026-08-23 04:00:00,8,-2.1000000000000227,0
27.0,0.0,87.0,998.2,5,2026-08-23 05:00:00,8,-1.0,0
27.1,0.0,84.0,999.1,6,2026-08-23 06:00:00,8,0.8000000000000682,0
27.7,0.0,82.0,999.2,7,2026-08-23 07:00:00,8,1.400000000000091,0
28.2,0.0,79.0,999.4,8,2026-08-23 08:00:00,8,1.1999999999999318,0
29.6,0.0,76.0,999.5,9,2026-08-23 09:00:00,8,0.39999999999997726,0
30.8,0.0,76.0,998.9,10,2026-08-23 10:00:00,8,-0.3000000000000682,0
29.7,0.0,79.0,998.6,11,2026-08-23 11:00:00,8,-0.7999999999999545,0
30.0,0.0,77.0,998.5,12,2026-08-23 12:00:00,8,-1.0,0
29.9,0.0,81.0,997.8,13,2026-08-23 13:00:00,8,-1.1000000000000227,0
30.3,0.0,80.0,997.4,14,2026-08-23 14:00:00,8,-1.2000000000000455,0
29.3,0.0,84.0,997.3,15,2026-08-23 15:00:00,8,-1.2000000000000455,0
29.4,0.05,83.0,996.9,16,2026-08-23 16:00:00,8,-0.8999999999999773,0
28.5,0.5,92.0,996.5,17,2026-08-23 17:00:00,8,-0.8999999999999773,0
28.2,0.0,88.0,996.7,18,2026-08-23 18:00:00,8,-0.599999999999909,0
27.9,0.0,90.0,997.6,19,2026-08-23 19:00:00,8,0.7000000000000455,0
28.0,0.0,89.0,998.0,20,2026-08-23 20:00:00,8,1.5,0
27.9,0.0,89.0,998.7,21,2026-08-23 21:00:00,8,2.0,0
28.0,0.0,88.0,999.2,22,2026-08-23 22:00:00,8,1.6000000000000227,0
27.5,0.05,91.0,998.8,23,2026-08-23 23:00:00,8,0.7999999999999545,0
26.0,0.0,97.0,1001.4,0,2026-08-24 00:00:00,8,2.699999999999932,0
26.8,0.05,91.0,998.4,1,2026-08-24 01:00:00,8,-0.8000000000000682,0
26.6,0.05,91.0,998.0,2,2026-08-24 02:00:00,8,-0.7999999999999545,0
26.3,0.5,94.0,997.8,3,2026-08-24 03:00:00,8,-3.6000000000000227,0
26.1,0.5,95.0,997.5,4,2026-08-24 04:00:00,8,-0.8999999999999773,0
26.1,0.5,94.0,997.8,5,2026-08-24 05:00:00,8,-0.20000000000004547,0
26.0,0.5,95.0,998.2,6,2026-08-24 06:00:00,8,0.40000000000009095,0
26.5,0.05,93.0,998.5,7,2026-08-24 07:00:00,8,1.0,0
27.1,0.05,90.0,999.2,8,2026-08-24 08:00:00,8,1.400000000000091,0
27.8,0.0,86.0,999.4,9,2026-08-24 09:00:00,8,1.1999999999999318,0
28.1,0.05,87.0,999.5,10,2026-08-24 10:00:00,8,1.0,0
28.2,0.05,86.0,999.9,11,2026-08-24 11:00:00,8,0.6999999999999318,0
27.9,0.05,90.0,999.9,12,2026-08-24 12:00:00,8,0.5,0
27.6,1.0,92.0,999.6,13,2026-08-24 13:00:00,8,0.10000000000002274,1
27.4,0.5,96.0,999.3,14,2026-08-24 14:00:00,8,-0.6000000000000227,0
27.0,1.0,94.0,999.4,15,2026-08-24 15:00:00,8,-0.5,1
26.8,1.5,96.0,999.3,16,2026-08-24 16:00:00,8,-0.3000000000000682,1
26.3,1.0,94.0,999.8,17,2026-08-24 17:00:00,8,0.5,1
25.4,11.0,98.0,1000.4,18,2026-08-24 18:00:00,8,1.0,1
25.5,4.0,98.0,1001.1,19,2026-08-24 19:00:00,8,1.8000000000000682,1
25.7,1.5,99.0,1001.2,20,2026-08-24 20:00:00,8,1.400000000000091,1
26.1,0.05,96.0,1001.7,21,2026-08-24 21:00:00,8,1.3000000000000682,0
26.0,1.0,95.0,1002.0,22,2026-08-24 22:00:00,8,0.8999999999999773,1
26.0,0.05,96.0,1001.7,23,2026-08-24 23:00:00,8,0.5,0
25.8,0.0,94.0,1003.8,0,2026-08-25 00:00:00,8,2.099999999999909,0
25.9,0.0,97.0,1001.3,1,2026-08-25 01:00:00,8,-0.7000000000000455,0
25.5,0.0,97.0,1001.0,2,2026-08-25 02:00:00,8,-0.7000000000000455,0
25.4,0.0,96.0,1001.1,3,2026-08-25 03:00:00,8,-2.699999999999932,0
25.5,0.0,96.0,1000.9,4,2026-08-25 04:00:00,8,-0.39999999999997726,0
25.5,0.0,95.0,1001.3,5,2026-08-25 05:00:00,8,0.2999999999999545,0
25.6,0.0,94.0,1002.3,6,2026-08-25 06:00:00,8,1.1999999999999318,0
25.1,2.5,95.0,1003.1,7,2026-08-25 07:00:00,8,2.2000000000000455,1
25.2,5.0,98.0,1003.5,8,2026-08-25 08:00:00,8,2.2000000000000455,1
25.6,2.0,94.0,1003.0,9,2026-08-25 09:00:00,8,0.7000000000000455,1
26.3,0.0,92.0,1003.1,10,2026-08-25 10:00:00,8,0.0,0
26.9,0.05,90.0,1003.6,11,2026-08-25 11:00:00,8,0.10000000000002274,0
27.3,0.5,89.0,1003.3,12,2026-08-25 12:00:00,8,0.2999999999999545,0
28.5,0.05,86.0,1003.0,13,2026-08-25 13:00:00,8,-0.10000000000002274,0
27.7,0.05,87.0,1002.8,14,2026-08-25 14:00:00,8,-0.8000000000000682,0
27.4,0.5,90.0,1002.7,15,2026-08-25 15:00:00,8,-0.599999999999909,0
26.7,2.0,94.0,1002.9,16,2026-08-25 16:00:00,8,-0.10000000000002274,1
26.5,1.0,95.0,1003.1,17,2026-08-25 17:00:00,8,0.3000000000000682,1
26.5,0.5,95.0,1003.6,18,2026-08-25 18:00:00,8,0.8999999999999773,0
26.1,0.05,97.0,1003.9,19,2026-08-25 19:00:00,8,1.0,0
26.1,0.5,96.0,1004.1,20,2026-08-25 20:00:00,8,1.0,0
26.1,0.0,95.0,1004.6,21,2026-08-25 21:00:00,8,1.0,0
25.9,0.05,97.0,1004.5,22,2026-08-25 22:00:00,8,0.6000000000000227,0
25.9,0.0,95.0,1004.3,23,2026-08-25 23:00:00,8,0.1999999999999318,0
27.8,0.0,90.0,1001.7,0,2026-08-26 00:00:00,8,-2.8999999999999773,0
25.7,0.0,96.0,1003.4,1,2026-08-26 01:00:00,8,-1.1000000000000227,0
25.6,0.0,97.0,1003.0,2,2026-08-26 02:00:00,8,-1.2999999999999545,0
25.3,0.0,96.0,1002.8,3,2026-08-26 03:00:00,8,1.099999999999909,0
25.1,0.0,98.0,1002.7,4,2026-08-26 04:00:00,8,-0.6999999999999318,0
25.0,0.0,98.0,1002.8,5,2026-08-26 05:00:00,8,-0.20000000000004547,0
25.2,0.0,94.0,1003.2,6,2026-08-26 06:00:00,8,0.40000000000009095,0
25.8,0.0,93.0,1003.8,7,2026-08-26 07:00:00,8,1.099999999999909,0
27.1,0.0,87.0,1003.5,8,2026-08-26 08:00:00,8,0.7000000000000455,0
29.3,0.0,78.0,1003.1,9,2026-08-26 09:00:00,8,-0.10000000000002274,0
29.3,0.0,78.0,1003.3,10,2026-08-26 10:00:00,8,-0.5,0
29.5,0.0,82.0,1003.1,11,2026-08-26 11:00:00,8,-0.39999999999997726,0
29.9,0.0,75.0,1002.6,12,2026-08-26 12:00:00,8,-0.5,0
29.5,0.0,76.0,1002.3,13,2026-08-26 13:00:00,8,-1.0,0
30.3,0.0,75.0,1001.8,14,2026-08-26 14:00:00,8,-1.3000000000000682,0
29.9,0.0,77.0,1001.7,15,2026-08-26 15:00:00,8,-0.8999999999999773,0
28.8,0.0,80.0,1001.7,16,2026-08-26 16:00:00,8,-0.599999999999909,0
28.5,0.0,79.0,1001.7,17,2026-08-26 17:00:00,8,-0.09999999999990905,0
28.4,0.0,80.0,1001.8,18,2026-08-26 18:00:00,8,0.09999999999990905,0
28.3,0.0,81.0,1002.2,19,2026-08-26 19:00:00,8,0.5,0
28.1,0.0,83.0,1002.5,20,2026-08-26 20:00:00,8,0.7999999999999545,0
28.0,0.0,85.0,1002.8,21,2026-08-26 21:00:00,8,1.0,0
27.7,0.0,87.0,1002.8,22,2026-08-26 22:00:00,8,0.599999999999909,0
27.8,0.0,88.0,1002.4,23,2026-08-26 23:00:00,8,-0.10000000000002274,0
29.9,0.0,70.0,997.6,0,2026-08-27 00:00:00,8,-5.199999999999932,0
27.8,0.0,85.0,1001.2,1,2026-08-27 01:00:00,8,-1.599999999999909,0
27.7,0.0,85.0,1000.7,2,2026-08-27 02:00:00,8,-1.6999999999999318,0
27.5,0.0,85.0,1000.2,3,2026-08-27 03:00:00,8,2.6000000000000227,0
27.5,0.0,85.0,1000.2,4,2026-08-27 04:00:00,8,-1.0,0
27.2,0.0,86.0,1000.8,5,2026-08-27 05:00:00,8,0.09999999999990905,0
27.6,0.0,83.0,1000.9,6,2026-08-27 06:00:00,8,0.6999999999999318,0
28.1,0.0,84.0,1001.4,7,2026-08-27 07:00:00,8,1.1999999999999318,0
29.3,0.0,79.0,1001.3,8,2026-08-27 08:00:00,8,0.5,0
30.3,0.0,74.0,1001.3,9,2026-08-27 09:00:00,8,0.39999999999997726,0
31.4,0.0,70.0,1001.0,10,2026-08-27 10:00:00,8,-0.39999999999997726,0
32.1,0.0,68.0,1000.9,11,2026-08-27 11:00:00,8,-0.39999999999997726,0
32.3,0.0,67.0,1000.4,12,2026-08-27 12:00:00,8,-0.8999999999999773,0
32.6,0.0,65.0,999.4,13,2026-08-27 13:00:00,8,-1.6000000000000227,0
32.7,0.0,66.0,998.5,14,2026-08-27 14:00:00,8,-2.3999999999999773,0
32.5,0.0,70.0,997.6,15,2026-08-27 15:00:00,8,-2.7999999999999545,0
32.8,0.0,66.0,997.2,16,2026-08-27 16:00:00,8,-2.199999999999932,0
32.3,0.0,62.0,997.4,17,2026-08-27 17:00:00,8,-1.1000000000000227,0
31.5,0.0,65.0,997.3,18,2026-08-27 18:00:00,8,-0.3000000000000682,0
30.9,0.0,66.0,997.7,19,2026-08-27 19:00:00,8,0.5,0
30.4,0.0,68.0,998.2,20,2026-08-27 20:00:00,8,0.8000000000000682,0
30.0,0.0,69.0,998.3,21,2026-08-27 21:00:00,8,1.0,0
30.2,0.0,69.0,998.4,22,2026-08-27 22:00:00,8,0.6999999999999318,0
29.8,0.0,72.0,998.1,23,2026-08-27 23:00:00,8,-0.10000000000002274,0
29.6,0.0,79.0,999.0,0,2026-08-28 00:00:00,8,0.7000000000000455,0
29.6,0.0,72.0,996.5,1,2026-08-28 01:00:00,8,-1.8999999999999773,0
29.7,0.0,70.0,996.0,2,2026-08-28 02:00:00,8,-2.1000000000000227,0
29.5,0.0,72.0,995.9,3,2026-08-28 03:00:00,8,-3.1000000000000227,0
29.4,0.0,72.0,995.9,4,2026-08-28 04:00:00,8,-0.6000000000000227,0
29.6,0.0,71.0,995.6,5,2026-08-28 05:00:00,8,-0.39999999999997726,0
29.6,0.0,72.0,995.6,6,2026-08-28 06:00:00,8,-0.2999999999999545,0
29.6,0.0,72.0,995.9,7,2026-08-28 07:00:00,8,0.0,0
29.9,0.0,73.0,995.9,8,2026-08-28 08:00:00,8,0.2999999999999545,0
31.0,0.0,70.0,996.2,9,2026-08-28 09:00:00,8,0.6000000000000227,0
31.8,0.0,69.0,996.3,10,2026-08-28 10:00:00,8,0.39999999999997726,0
32.3,0.0,65.0,996.1,11,2026-08-28 11:00:00,8,0.20000000000004547,0
32.6,0.0,67.0,995.7,12,2026-08-28 12:00:00,8,-0.5,0
32.8,0.0,65.0,995.2,13,2026-08-28 13:00:00,8,-1.099999999999909,0
33.2,0.0,63.0,994.9,14,2026-08-28 14:00:00,8,-1.2000000000000455,0
33.1,0.0,63.0,994.7,15,2026-08-28 15:00:00,8,-1.0,0
32.7,0.0,65.0,994.8,16,2026-08-28 16:00:00,8,-0.40000000000009095,0
32.4,0.0,64.0,994.9,17,2026-08-28 17:00:00,8,0.0,0
32.0,0.0,65.0,995.5,18,2026-08-28 18:00:00,8,0.7999999999999545,0
30.7,0.0,70.0,996.0,19,2026-08-28 19:00:00,8,1.2000000000000455,0
30.9,0.0,67.0,997.5,20,2026-08-28 20:00:00,8,2.6000000000000227,0
29.8,0.0,80.0,998.6,21,2026-08-28 21:00:00,8,3.1000000000000227,0
29.7,0.0,81.0,999.2,22,2026-08-28 22:00:00,8,3.2000000000000455,0
29.8,0.0,78.0,999.3,23,2026-08-28 23:00:00,8,1.7999999999999545,0
26.1,0.0,95.0,1000.2,0,2026-08-29 00:00:00,8,1.6000000000000227,0
28.7,0.0,86.0,998.8,1,2026-08-29 01:00:00,8,-0.40000000000009095,0
28.4,0.0,88.0,998.3,2,2026-08-29 02:00:00,8,-1.0,0
28.1,0.0,89.0,997.9,3,2026-08-29 03:00:00,8,-2.300000000000068,0
27.9,0.0,87.0,997.7,4,2026-08-29 04:00:00,8,-1.099999999999909,0
27.6,0.0,89.0,997.9,5,2026-08-29 05:00:00,8,-0.39999999999997726,0
27.8,0.0,87.0,998.3,6,2026-08-29 06:00:00,8,0.39999999999997726,0
28.4,0.0,81.0,998.6,7,2026-08-29 07:00:00,8,0.8999999999999773,0
29.4,0.0,81.0,998.9,8,2026-08-29 08:00:00,8,1.0,0
30.4,0.0,77.0,998.8,9,2026-08-29 09:00:00,8,0.5,0
31.8,0.0,71.0,998.9,10,2026-08-29 10:00:00,8,0.2999999999999545,0
31.7,0.0,75.0,998.4,11,2026-08-29 11:00:00,8,-0.5,0
33.1,0.0,71.0,998.1,12,2026-08-29 12:00:00,8,-0.6999999999999318,0
33.1,0.0,67.0,997.3,13,2026-08-29 13:00:00,8,-1.6000000000000227,0
32.8,0.0,66.0,996.9,14,2026-08-29 14:00:00,8,-1.5,0
31.0,0.0,71.0,996.7,15,2026-08-29 15:00:00,8,-1.3999999999999773,0
28.0,0.05,88.0,998.1,16,2026-08-29 16:00:00,8,0.8000000000000682,0
25.4,5.5,93.0,998.1,17,2026-08-29 17:00:00,8,1.2000000000000455,1
26.0,1.0,91.0,998.4,18,2026-08-29 18:00:00,8,1.6999999999999318,1
26.2,0.05,89.0,998.7,19,2026-08-29 19:00:00,8,0.6000000000000227,0
26.1,0.5,90.0,999.0,20,2026-08-29 20:00:00,8,0.8999999999999773,0
26.4,0.0,89.0,1000.2,21,2026-08-29 21:00:00,8,1.8000000000000682,0
26.0,2.5,95.0,1000.6,22,2026-08-29 22:00:00,8,1.8999999999999773,1
26.1,1.0,94.0,1000.3,23,2026-08-29 23:00:00,8,1.2999999999999545,1
26.7,0.0,92.0,999.4,0,2026-08-30 00:00:00,8,-0.8000000000000682,0
26.3,0.0,93.0,999.9,1,2026-08-30 01:00:00,8,-0.7000000000000455,0
26.1,0.0,93.0,999.2,2,2026-08-30 02:00:00,8,-1.099999999999909,0
26.0,0.0,96.0,999.0,3,2026-08-30 03:00:00,8,-0.39999999999997726,0
26.1,0.0,93.0,999.0,4,2026-08-30 04:00:00,8,-0.8999999999999773,0
26.0,0.0,92.0,999.2,5,2026-08-30 05:00:00,8,0.0,0
25.9,0.0,92.0,999.1,6,2026-08-30 06:00:00,8,0.10000000000002274,0
27.0,0.0,85.0,999.4,7,2026-08-30 07:00:00,8,0.39999999999997726,0
29.0,0.0,78.0,999.9,8,2026-08-30 08:00:00,8,0.6999999999999318,0
30.9,0.0,74.0,1000.1,9,2026-08-30 09:00:00,8,1.0,0
30.3,0.0,74.0,999.9,10,2026-08-30 10:00:00,8,0.5,0
30.4,0.0,74.0,999.9,11,2026-08-30 11:00:00,8,0.0,0
32.1,0.0,75.0,999.3,12,2026-08-30 12:00:00,8,-0.8000000000000682,0
31.1,0.0,73.0,998.9,13,2026-08-30 13:00:00,8,-1.0,0
30.5,0.0,74.0,998.7,14,2026-08-30 14:00:00,8,-1.1999999999999318,0
30.3,0.0,76.0,998.1,15,2026-08-30 15:00:00,8,-1.1999999999999318,0
29.3,0.0,81.0,998.2,16,2026-08-30 16:00:00,8,-0.6999999999999318,0
29.3,0.0,81.0,998.9,17,2026-08-30 17:00:00,8,0.1999999999999318,0
25.4,9.0,96.0,999.6,18,2026-08-30 18:00:00,8,1.5,1
25.9,3.5,95.0,999.0,19,2026-08-30 19:00:00,8,0.7999999999999545,1
26.2,0.0,94.0,998.7,20,2026-08-30 20:00:00,8,-0.1999999999999318,0
26.3,0.0,94.0,999.3,21,2026-08-30 21:00:00,8,-0.3000000000000682,0
26.5,0.0,95.0,999.5,22,2026-08-30 22:00:00,8,0.5,0
26.7,0.0,93.0,999.3,23,2026-08-30 23:00:00,8,0.599999999999909,0
25.7,0.05,93.0,999.0,0,2026-08-31 00:00:00,8,-0.2999999999999545,0
26.6,0.0,93.0,998.9,1,2026-08-31 01:00:00,8,-0.6000000000000227,0
26.5,0.0,94.0,998.7,2,2026-08-31 02:00:00,8,-0.599999999999909,0
26.5,0.0,93.0,998.4,3,2026-08-31 03:00:00,8,-0.6000000000000227,0
26.6,0.0,92.0,998.3,4,2026-08-31 04:00:00,8,-0.6000000000000227,0
26.5,0.0,94.0,998.1,5,2026-08-31 05:00:00,8,-0.6000000000000227,0
26.7,0.0,93.0,998.0,6,2026-08-31 06:00:00,8,-0.39999999999997726,0
27.4,0.0,89.0,998.6,7,2026-08-31 07:00:00,8,0.3000000000000682,0
28.1,0.0,87.0,998.7,8,2026-08-31 08:00:00,8,0.6000000000000227,0
29.5,0.0,81.0,998.8,9,2026-08-31 09:00:00,8,0.7999999999999545,0
30.2,0.0,77.0,998.2,10,2026-08-31 10:00:00,8,-0.39999999999997726,0
30.0,0.0,75.0,997.7,11,2026-08-31 11:00:00,8,-1.0,0
30.4,0.0,73.0,997.3,12,2026-08-31 12:00:00,8,-1.5,0
31.0,0.0,69.0,997.0,13,2026-08-31 13:00:00,8,-1.2000000000000455,0
31.4,0.0,74.0,996.5,14,2026-08-31 14:00:00,8,-1.2000000000000455,0
31.1,0.0,75.0,996.0,15,2026-08-31 15:00:00,8,-1.2999999999999545,0
30.5,0.0,71.0,996.1,16,2026-08-31 16:00:00,8,-0.8999999999999773,0
29.5,0.0,77.0,996.4,17,2026-08-31 17:00:00,8,-0.10000000000002274,0
29.2,0.0,81.0,996.7,18,2026-08-31 18:00:00,8,0.7000000000000455,0
29.0,0.0,81.0,997.5,19,2026-08-31 19:00:00,8,1.3999999999999773,0
28.8,0.0,85.0,998.2,20,2026-08-31 20:00:00,8,1.8000000000000682,0
28.0,0.05,87.0,998.6,21,2026-08-31 21:00:00,8,1.8999999999999773,0
26.6,1.0,89.0,999.1,22,2026-08-31 22:00:00,8,1.6000000000000227,1
25.9,0.05,91.0,999.0,23,2026-08-31 23:00:00,8,0.7999999999999545,0
